TeamId,Team,PlayerId,PlayerName,Age,Position,FetchedAt
77,Angers,22220,H. Koffi,29.0,Goalkeeper,2026-05-30T02:32:56+00:00
77,Angers,396308,Oumar Pona,19.0,Goalkeeper,2026-05-30T02:32:56+00:00
77,Angers,174973,M. Zinga,23.0,Goalkeeper,2026-05-30T02:32:56+00:00
77,Angers,20850,C. Arcus,29.0,Defender,2026-05-30T02:32:56+00:00
77,Angers,3234,A. Bamba,35.0,Defender,2026-05-30T02:32:56+00:00
77,Angers,385569,E. Biumla,20.0,Defender,2026-05-30T02:32:56+00:00
77,Angers,271540,O. Camara,22.0,Defender,2026-05-30T02:32:56+00:00
77,Angers,425207,M. Courcoul,18.0,Defender,2026-05-30T02:32:56+00:00
77,Angers,343609,J. Ekomié,22.0,Defender,2026-05-30T02:32:56+00:00
77,Angers,570586,M. Gernigon,16.0,Defender,2026-05-30T02:32:56+00:00
77,Angers,41146,F. Hanin,35.0,Defender,2026-05-30T02:32:56+00:00
77,Angers,21381,J. Lefort,32.0,Defender,2026-05-30T02:32:56+00:00
77,Angers,456831,M. Louãr,18.0,Defender,2026-05-30T02:32:56+00:00
77,Angers,174660,L. Rao-Lisoa,25.0,Defender,2026-05-30T02:32:56+00:00
77,Angers,419595,Dan Sinaté,19.0,Defender,2026-05-30T02:32:56+00:00
77,Angers,20554,H. Belkebla,31.0,Midfielder,2026-05-30T02:32:56+00:00
77,Angers,174708,Y. Belkhdim,23.0,Midfielder,2026-05-30T02:32:56+00:00
77,Angers,21145,P. Capelle,38.0,Midfielder,2026-05-30T02:32:56+00:00
77,Angers,655113,Bane Diatta,17.0,Midfielder,2026-05-30T02:32:56+00:00
77,Angers,486627,I. Garin,19.0,Midfielder,2026-05-30T02:32:56+00:00
77,Angers,289555,L. Mouton,23.0,Midfielder,2026-05-30T02:32:56+00:00
77,Angers,37652,B. van den Boomen,30.0,Midfielder,2026-05-30T02:32:56+00:00
77,Angers,579375,Djibirin Harouna,18.0,Attacker,2026-05-30T02:32:56+00:00
77,Angers,639473,Yahia Jlidi,17.0,Attacker,2026-05-30T02:32:56+00:00
77,Angers,20817,G. Koyalipou,25.0,Attacker,2026-05-30T02:32:56+00:00
77,Angers,403277,L. Machine,20.0,Attacker,2026-05-30T02:32:56+00:00
77,Angers,455243,A. Moussaoui,19.0,Attacker,2026-05-30T02:32:56+00:00
77,Angers,457541,P. Peter,18.0,Attacker,2026-05-30T02:32:56+00:00
77,Angers,191289,A. Sbaï,25.0,Attacker,2026-05-30T02:32:56+00:00
79,Lille,2096,A. Bodart,27.0,Goalkeeper,2026-05-30T02:32:56+00:00
79,Lille,628379,Zadig Lanssade,17.0,Goalkeeper,2026-05-30T02:32:56+00:00
79,Lille,1337,B. Özer,25.0,Goalkeeper,2026-05-30T02:32:56+00:00
79,Lille,551417,T. Sajous,17.0,Goalkeeper,2026-05-30T02:32:56+00:00
79,Lille,142691,Alexsandro Ribeiro,26.0,Defender,2026-05-30T02:32:56+00:00
79,Lille,437767,M. Costarelli,20.0,Defender,2026-05-30T02:32:56+00:00
79,Lille,490745,M. Goffi,17.0,Defender,2026-05-30T02:32:56+00:00
79,Lille,1567,A. Mandi,34.0,Defender,2026-05-30T02:32:56+00:00
79,Lille,375,C. Mbemba,31.0,Defender,2026-05-30T02:32:56+00:00
79,Lille,264,T. Meunier,34.0,Defender,2026-05-30T02:32:56+00:00
79,Lille,312964,N. Ngoy,22.0,Defender,2026-05-30T02:32:56+00:00
79,Lille,20600,R. Perraud,28.0,Defender,2026-05-30T02:32:56+00:00
79,Lille,379329,Tiago Santos,23.0,Defender,2026-05-30T02:32:56+00:00
79,Lille,37151,C. Verdonk,28.0,Defender,2026-05-30T02:32:56+00:00
79,Lille,2204,B. André,35.0,Midfielder,2026-05-30T02:32:56+00:00
79,Lille,401333,L. Baret,19.0,Midfielder,2026-05-30T02:32:56+00:00
79,Lille,409,N. Bentaleb,31.0,Midfielder,2026-05-30T02:32:56+00:00
79,Lille,438688,A. Bouaddi,18.0,Midfielder,2026-05-30T02:32:56+00:00
79,Lille,630699,Saad Boussadia,17.0,Midfielder,2026-05-30T02:32:56+00:00
79,Lille,386287,E. Mbappé,19.0,Midfielder,2026-05-30T02:32:56+00:00
79,Lille,375598,N. Mukau,21.0,Midfielder,2026-05-30T02:32:56+00:00
79,Lille,318416,M. Broholm,21.0,Attacker,2026-05-30T02:32:56+00:00
79,Lille,135749,Félix Correia,24.0,Attacker,2026-05-30T02:32:56+00:00
79,Lille,487381,S. Diaoune,18.0,Attacker,2026-05-30T02:32:56+00:00
79,Lille,430816,N. Edjouma,20.0,Attacker,2026-05-30T02:32:56+00:00
79,Lille,340077,M. Fernandez-Pardo,20.0,Attacker,2026-05-30T02:32:56+00:00
79,Lille,2295,O. Giroud,39.0,Attacker,2026-05-30T02:32:56+00:00
79,Lille,67889,H. Haraldsson,22.0,Attacker,2026-05-30T02:32:56+00:00
79,Lille,306979,H. Igamane,23.0,Attacker,2026-05-30T02:32:56+00:00
79,Lille,368065,Y. Lachaab,20.0,Attacker,2026-05-30T02:32:56+00:00
79,Lille,20732,G. Perrin,29.0,Attacker,2026-05-30T02:32:56+00:00
79,Lille,99576,O. Sahraoui,24.0,Attacker,2026-05-30T02:32:56+00:00
79,Lille,630702,Matah Yondjio,18.0,Attacker,2026-05-30T02:32:56+00:00
80,Lyon,497080,M. Da Silva,18.0,Goalkeeper,2026-05-30T02:32:56+00:00
80,Lyon,20762,R. Descamps,29.0,Goalkeeper,2026-05-30T02:32:56+00:00
80,Lyon,392671,L. Diarra,23.0,Goalkeeper,2026-05-30T02:32:56+00:00
80,Lyon,61142,D. Greif,28.0,Goalkeeper,2026-05-30T02:32:56+00:00
80,Lyon,438694,Y. Konan,18.0,Goalkeeper,2026-05-30T02:32:56+00:00
80,Lyon,9700,Abner,25.0,Defender,2026-05-30T02:32:56+00:00
80,Lyon,30423,H. Hateboer,31.0,Defender,2026-05-30T02:32:56+00:00
80,Lyon,493026,N. Kamara,18.0,Defender,2026-05-30T02:32:56+00:00
80,Lyon,645969,Steeve Kango,19.0,Defender,2026-05-30T02:32:56+00:00
80,Lyon,193293,R. Kluivert,24.0,Defender,2026-05-30T02:32:56+00:00
80,Lyon,1456,A. Maitland-Niles,28.0,Defender,2026-05-30T02:32:56+00:00
80,Lyon,68,Clinton Mata,33.0,Defender,2026-05-30T02:32:56+00:00
80,Lyon,637593,Prince Mbatshi Mukuba,20.0,Defender,2026-05-30T02:32:56+00:00
80,Lyon,25916,M. Niakhaté,29.0,Defender,2026-05-30T02:32:56+00:00
80,Lyon,529,N. Tagliafico,33.0,Defender,2026-05-30T02:32:56+00:00
80,Lyon,18780,R. Ghezzal,33.0,Midfielder,2026-05-30T02:32:56+00:00
80,Lyon,585333,T. Goncalves,18.0,Midfielder,2026-05-30T02:32:56+00:00
80,Lyon,623922,A. Hamdani,16.0,Midfielder,2026-05-30T02:32:56+00:00
80,Lyon,199871,A. Karabec,22.0,Midfielder,2026-05-30T02:32:56+00:00
80,Lyon,24882,O. Mangala,27.0,Midfielder,2026-05-30T02:32:56+00:00
80,Lyon,519664,K. Merah,18.0,Midfielder,2026-05-30T02:32:56+00:00
80,Lyon,162590,T. Morton,23.0,Midfielder,2026-05-30T02:32:56+00:00
80,Lyon,361352,N. Nartey,20.0,Midfielder,2026-05-30T02:32:56+00:00
80,Lyon,66387,P. Šulc,25.0,Midfielder,2026-05-30T02:32:56+00:00
80,Lyon,80752,T. Tessmann,24.0,Midfielder,2026-05-30T02:32:56+00:00
80,Lyon,519,C. Tolisso,31.0,Midfielder,2026-05-30T02:32:56+00:00
80,Lyon,438692,M. de Carvalho,20.0,Midfielder,2026-05-30T02:32:56+00:00
80,Lyon,377122,Endrick,19.0,Attacker,2026-05-30T02:32:56+00:00
80,Lyon,361348,M. Fofana,20.0,Attacker,2026-05-30T02:32:56+00:00
80,Lyon,497617,R. Himbert,17.0,Attacker,2026-05-30T02:32:56+00:00
80,Lyon,345388,Afonso Moreira,20.0,Attacker,2026-05-30T02:32:56+00:00
80,Lyon,350856,E. Nuamah,22.0,Attacker,2026-05-30T02:32:56+00:00
80,Lyon,8493,R. Yaremchuk,30.0,Attacker,2026-05-30T02:32:56+00:00
81,Marseille,36827,J. de Lange,27.0,Goalkeeper,2026-05-30T02:32:56+00:00
81,Marseille,47296,G. Rulli,33.0,Goalkeeper,2026-05-30T02:32:56+00:00
81,Marseille,336654,J. Van Neck,21.0,Goalkeeper,2026-05-30T02:32:56+00:00
81,Marseille,129672,T. Vermot,28.0,Goalkeeper,2026-05-30T02:32:56+00:00
81,Marseille,21694,N. Aguerd,29.0,Defender,2026-05-30T02:32:56+00:00
81,Marseille,6,L. Balerdi,26.0,Defender,2026-05-30T02:32:56+00:00
81,Marseille,568060,K. Bezahaf,19.0,Defender,2026-05-30T02:32:56+00:00
81,Marseille,181827,C. Egan-Riley,22.0,Defender,2026-05-30T02:32:56+00:00
81,Marseille,2284,Emerson,31.0,Defender,2026-05-30T02:32:56+00:00
81,Marseille,656975,Hilan Hamzaoui Slimani,20.0,Defender,2026-05-30T02:32:56+00:00
81,Marseille,6231,F. Medina,26.0,Defender,2026-05-30T02:32:56+00:00
81,Marseille,2725,B. Pavard,29.0,Defender,2026-05-30T02:32:56+00:00
81,Marseille,20692,H. Abdelli,26.0,Midfielder,2026-05-30T02:32:56+00:00
81,Marseille,2735,P. Højbjerg,30.0,Midfielder,2026-05-30T02:32:56+00:00
81,Marseille,656976,Nouhoum Kamissoko,21.0,Midfielder,2026-05-30T02:32:56+00:00
81,Marseille,926,G. Kondogbia,32.0,Midfielder,2026-05-30T02:32:56+00:00
81,Marseille,562661,T. Mmadi,18.0,Midfielder,2026-05-30T02:32:56+00:00
81,Marseille,283216,B. Nadir,22.0,Midfielder,2026-05-30T02:32:56+00:00
81,Marseille,354298,T. Nnadi,22.0,Midfielder,2026-05-30T02:32:56+00:00
81,Marseille,313236,E. Nwaneri,18.0,Midfielder,2026-05-30T02:32:56+00:00
81,Marseille,38747,Q. Timber,24.0,Midfielder,2026-05-30T02:32:56+00:00
81,Marseille,31057,H. Traorè,25.0,Midfielder,2026-05-30T02:32:56+00:00
81,Marseille,340154,A. Vermeeren,20.0,Midfielder,2026-05-30T02:32:56+00:00
81,Marseille,1138,T. Weah,25.0,Midfielder,2026-05-30T02:32:56+00:00
81,Marseille,1465,P. Aubameyang,36.0,Attacker,2026-05-30T02:32:56+00:00
81,Marseille,85041,A. Gouiri,25.0,Attacker,2026-05-30T02:32:56+00:00
81,Marseille,897,M. Greenwood,24.0,Attacker,2026-05-30T02:32:56+00:00
81,Marseille,606267,Ange Lago,20.0,Attacker,2026-05-30T02:32:56+00:00
81,Marseille,568058,U. Lamare El Kadmiri,18.0,Attacker,2026-05-30T02:32:56+00:00
81,Marseille,9363,Igor Paixão,25.0,Attacker,2026-05-30T02:32:56+00:00
82,Montpellier,398204,V. DžodiÄ,19.0,Goalkeeper,2026-05-30T02:32:56+00:00
82,Montpellier,633950,K. Kamdem,19.0,Goalkeeper,2026-05-30T02:32:56+00:00
82,Montpellier,20849,M. Michel,34.0,Goalkeeper,2026-05-30T02:32:56+00:00
82,Montpellier,145060,S. Ngapandouetnbu,22.0,Goalkeeper,2026-05-30T02:32:56+00:00
82,Montpellier,441284,Naoufel El Hannach,19.0,Defender,2026-05-30T02:32:56+00:00
82,Montpellier,22138,C. Jullien,32.0,Defender,2026-05-30T02:32:56+00:00
82,Montpellier,20766,J. Laporte,32.0,Defender,2026-05-30T02:32:56+00:00
82,Montpellier,333118,L. Mincarelli Davin,21.0,Defender,2026-05-30T02:32:56+00:00
82,Montpellier,492721,I. Mohamed,17.0,Defender,2026-05-30T02:32:56+00:00
82,Montpellier,350388,Y. Mouanga,20.0,Defender,2026-05-30T02:32:56+00:00
82,Montpellier,21434,T. Sainte-Luce,27.0,Defender,2026-05-30T02:32:56+00:00
82,Montpellier,179399,E. Tchato,23.0,Defender,2026-05-30T02:32:56+00:00
82,Montpellier,369676,T. Chennahi,20.0,Midfielder,2026-05-30T02:32:56+00:00
82,Montpellier,551212,L. Da Silva,19.0,Midfielder,2026-05-30T02:32:56+00:00
82,Montpellier,326088,K. Fayad,21.0,Midfielder,2026-05-30T02:32:56+00:00
82,Montpellier,639172,Nabil Homssa,23.0,Midfielder,2026-05-30T02:32:56+00:00
82,Montpellier,325783,Everson,22.0,Midfielder,2026-05-30T02:32:56+00:00
82,Montpellier,349616,N. Pays,22.0,Midfielder,2026-05-30T02:32:56+00:00
82,Montpellier,21443,T. Savanier,34.0,Midfielder,2026-05-30T02:32:56+00:00
82,Montpellier,352999,A. Sishuba,20.0,Midfielder,2026-05-30T02:32:56+00:00
82,Montpellier,629797,N. Vidal-Cartoux,17.0,Midfielder,2026-05-30T02:32:56+00:00
82,Montpellier,355076,A. Gueguin,20.0,Attacker,2026-05-30T02:32:56+00:00
82,Montpellier,395760,Y. Issoufou,19.0,Attacker,2026-05-30T02:32:56+00:00
82,Montpellier,129670,N. Mbuku,23.0,Attacker,2026-05-30T02:32:56+00:00
82,Montpellier,21506,Alexandre Mendy,31.0,Attacker,2026-05-30T02:32:56+00:00
82,Montpellier,471106,E. Molébé,18.0,Attacker,2026-05-30T02:32:56+00:00
82,Montpellier,630777,Robin Thiland-Herard,18.0,Attacker,2026-05-30T02:32:56+00:00
83,Nantes,659069,L. Bonelli,23.0,Goalkeeper,2026-05-30T02:32:56+00:00
83,Nantes,15684,P. Carlgren,34.0,Goalkeeper,2026-05-30T02:32:56+00:00
83,Nantes,647,Anthony Lopes,35.0,Goalkeeper,2026-05-30T02:32:56+00:00
83,Nantes,386438,M. Acapandié,21.0,Defender,2026-05-30T02:32:56+00:00
83,Nantes,304427,Ali Yousef Musrati,24.0,Defender,2026-05-30T02:32:56+00:00
83,Nantes,22134,K. Amian,27.0,Defender,2026-05-30T02:32:56+00:00
83,Nantes,50026,C. Awaziem,29.0,Defender,2026-05-30T02:32:56+00:00
83,Nantes,20654,F. Centonze,29.0,Defender,2026-05-30T02:32:56+00:00
83,Nantes,21570,N. Cozza,26.0,Defender,2026-05-30T02:32:56+00:00
83,Nantes,392569,Sékou Doucouré,20.0,Defender,2026-05-30T02:32:56+00:00
83,Nantes,21636,F. Guilbert,31.0,Defender,2026-05-30T02:32:56+00:00
83,Nantes,662352,Hugo Lamy,22.0,Defender,2026-05-30T02:32:56+00:00
83,Nantes,2483,D. Machado,32.0,Defender,2026-05-30T02:32:56+00:00
83,Nantes,413061,E. Mongo,20.0,Defender,2026-05-30T02:32:56+00:00
83,Nantes,66013,U. Radaković,31.0,Defender,2026-05-30T02:32:56+00:00
83,Nantes,364810,A. Sylla,23.0,Defender,2026-05-30T02:32:56+00:00
83,Nantes,522609,T. Tati,17.0,Defender,2026-05-30T02:32:56+00:00
83,Nantes,22093,R. Cabella,35.0,Midfielder,2026-05-30T02:32:56+00:00
83,Nantes,924,F. Coquelin,34.0,Midfielder,2026-05-30T02:32:56+00:00
83,Nantes,443755,B. Deuff,19.0,Midfielder,2026-05-30T02:32:56+00:00
83,Nantes,197779,M. Kaba,24.0,Midfielder,2026-05-30T02:32:56+00:00
83,Nantes,193952,J. Lepenant,23.0,Midfielder,2026-05-30T02:32:56+00:00
83,Nantes,443674,Louis Leroux,19.0,Midfielder,2026-05-30T02:32:56+00:00
83,Nantes,22260,I. Sissoko,28.0,Midfielder,2026-05-30T02:32:56+00:00
83,Nantes,388779,D. Assoumani,20.0,Midfielder,2026-05-30T02:32:56+00:00
83,Nantes,554353,Sacha Ziani,22.0,Midfielder,2026-05-30T02:32:56+00:00
83,Nantes,161622,M. Abline,22.0,Attacker,2026-05-30T02:32:56+00:00
83,Nantes,428504,A. Camara,20.0,Attacker,2026-05-30T02:32:56+00:00
83,Nantes,42086,Y. El-Arabi,38.0,Attacker,2026-05-30T02:32:56+00:00
83,Nantes,22177,I. Ganago,26.0,Attacker,2026-05-30T02:32:56+00:00
83,Nantes,443676,Bahereba Guirassy,19.0,Attacker,2026-05-30T02:32:56+00:00
83,Nantes,610593,J. Kone,18.0,Attacker,2026-05-30T02:32:56+00:00
83,Nantes,2668,Mostafa Mohamed,28.0,Attacker,2026-05-30T02:32:56+00:00
84,Nice,526451,T. Bruyère,19.0,Goalkeeper,2026-05-30T02:32:56+00:00
84,Nice,20566,Y. Diouf,26.0,Goalkeeper,2026-05-30T02:32:56+00:00
84,Nice,21079,M. Dupé,32.0,Goalkeeper,2026-05-30T02:32:56+00:00
84,Nice,401493,B. Żelazowski,20.0,Goalkeeper,2026-05-30T02:32:56+00:00
84,Nice,196343,Mohamed Abdelmonem,26.0,Defender,2026-05-30T02:32:56+00:00
84,Nice,49583,A. Abdi,32.0,Defender,2026-05-30T02:32:56+00:00
84,Nice,449509,Abdulay Bah,19.0,Defender,2026-05-30T02:32:56+00:00
84,Nice,162465,M. Bard,25.0,Defender,2026-05-30T02:32:56+00:00
84,Nice,25008,J. Clauss,33.0,Midfielder,2026-05-30T02:32:56+00:00
84,Nice,22163,Dante,42.0,Defender,2026-05-30T02:32:56+00:00
84,Nice,611321,Brad-Hamilton Mantsounga,18.0,Defender,2026-05-30T02:32:56+00:00
84,Nice,313937,A. Mendy,21.0,Defender,2026-05-30T02:32:56+00:00
84,Nice,339620,L. Monteiro Alvarenga,21.0,Defender,2026-05-30T02:32:56+00:00
84,Nice,404172,K. Peprah Oppong,21.0,Defender,2026-05-30T02:32:56+00:00
84,Nice,637439,Yanis Sofikitis,18.0,Defender,2026-05-30T02:32:56+00:00
84,Nice,444562,M. Youssouf,19.0,Defender,2026-05-30T02:32:56+00:00
84,Nice,128987,S. Abdul Samed,25.0,Midfielder,2026-05-30T02:32:56+00:00
84,Nice,483118,G. Bernardeau,19.0,Midfielder,2026-05-30T02:32:56+00:00
84,Nice,4399,H. Boudaoui,26.0,Midfielder,2026-05-30T02:32:56+00:00
84,Nice,629379,M. Brignone,18.0,Midfielder,2026-05-30T02:32:56+00:00
84,Nice,504157,D. Coulibaly,17.0,Midfielder,2026-05-30T02:32:56+00:00
84,Nice,193617,T. Louchet,22.0,Midfielder,2026-05-30T02:32:56+00:00
84,Nice,3099,Y. Ndayishimiye,27.0,Midfielder,2026-05-30T02:32:56+00:00
84,Nice,662,T. Ndombélé,29.0,Midfielder,2026-05-30T02:32:56+00:00
84,Nice,442866,E. Pereira,18.0,Midfielder,2026-05-30T02:32:56+00:00
84,Nice,1914,M. Sanson,31.0,Midfielder,2026-05-30T02:32:56+00:00
84,Nice,8680,C. Vanhoutte,27.0,Midfielder,2026-05-30T02:32:56+00:00
84,Nice,637591,Kéfren Ali,18.0,Attacker,2026-05-30T02:32:56+00:00
84,Nice,603533,Enguerrand Bouard,18.0,Attacker,2026-05-30T02:32:56+00:00
84,Nice,405237,K. Boudache,17.0,Attacker,2026-05-30T02:32:56+00:00
84,Nice,274312,M. Cho,21.0,Attacker,2026-05-30T02:32:56+00:00
84,Nice,362470,Z. Diallo,20.0,Attacker,2026-05-30T02:32:56+00:00
84,Nice,107,S. Diop,25.0,Midfielder,2026-05-30T02:32:56+00:00
84,Nice,158065,Tiago Gouveia,24.0,Midfielder,2026-05-30T02:32:56+00:00
84,Nice,105154,I. Jansson,23.0,Attacker,2026-05-30T02:32:56+00:00
84,Nice,188319,Kevin Carlos,24.0,Attacker,2026-05-30T02:32:56+00:00
84,Nice,607082,J. Telusson,17.0,Attacker,2026-05-30T02:32:56+00:00
84,Nice,162707,E. Wahi,22.0,Attacker,2026-05-30T02:32:56+00:00
85,Paris Saint Germain,162453,L. Chevalier,24.0,Goalkeeper,2026-05-30T02:32:56+00:00
85,Paris Saint Germain,568266,M. James,17.0,Goalkeeper,2026-05-30T02:32:56+00:00
85,Paris Saint Germain,659070,B. Laurendon,20.0,Goalkeeper,2026-05-30T02:32:56+00:00
85,Paris Saint Germain,437099,Renato Bellucci,19.0,Goalkeeper,2026-05-30T02:32:56+00:00
85,Paris Saint Germain,2068,M. Safonov,26.0,Goalkeeper,2026-05-30T02:32:56+00:00
85,Paris Saint Germain,568273,A. Vignaud,18.0,Goalkeeper,2026-05-30T02:32:56+00:00
85,Paris Saint Germain,307835,Beraldo,22.0,Defender,2026-05-30T02:32:56+00:00
85,Paris Saint Germain,610763,D. Boly,16.0,Defender,2026-05-30T02:32:56+00:00
85,Paris Saint Germain,568269,T. Cordier,20.0,Defender,2026-05-30T02:32:56+00:00
85,Paris Saint Germain,568147,S. Coulibaly,18.0,Defender,2026-05-30T02:32:56+00:00
85,Paris Saint Germain,9,A. Hakimi,27.0,Defender,2026-05-30T02:32:56+00:00
85,Paris Saint Germain,33,L. Hernández,29.0,Defender,2026-05-30T02:32:56+00:00
85,Paris Saint Germain,568268,D. Lucea,19.0,Defender,2026-05-30T02:32:56+00:00
85,Paris Saint Germain,257,Marquinhos,31.0,Defender,2026-05-30T02:32:56+00:00
85,Paris Saint Germain,263482,Nuno Mendes,23.0,Defender,2026-05-30T02:32:56+00:00
85,Paris Saint Germain,16367,W. Pacho,24.0,Defender,2026-05-30T02:32:56+00:00
85,Paris Saint Germain,161671,I. Zabarnyi,23.0,Defender,2026-05-30T02:32:56+00:00
85,Paris Saint Germain,491087,Pedro Fernández,17.0,Midfielder,2026-05-30T02:32:56+00:00
85,Paris Saint Germain,927,Lee Kang-In,24.0,Midfielder,2026-05-30T02:32:56+00:00
85,Paris Saint Germain,409216,Senny Mayulu,19.0,Midfielder,2026-05-30T02:32:56+00:00
85,Paris Saint Germain,335051,João Neves,21.0,Midfielder,2026-05-30T02:32:56+00:00
85,Paris Saint Germain,567804,N. Nsoki,18.0,Midfielder,2026-05-30T02:32:56+00:00
85,Paris Saint Germain,328,Fabián Ruiz,29.0,Midfielder,2026-05-30T02:32:56+00:00
85,Paris Saint Germain,128384,Vitinha,25.0,Midfielder,2026-05-30T02:32:56+00:00
85,Paris Saint Germain,336657,W. Zaïre-Emery,19.0,Midfielder,2026-05-30T02:32:56+00:00
85,Paris Saint Germain,161904,B. Barcola,23.0,Attacker,2026-05-30T02:32:56+00:00
85,Paris Saint Germain,153,O. Dembélé,28.0,Attacker,2026-05-30T02:32:56+00:00
85,Paris Saint Germain,343027,D. Doué,20.0,Attacker,2026-05-30T02:32:56+00:00
85,Paris Saint Germain,543469,Mathis Jangeal,17.0,Attacker,2026-05-30T02:32:56+00:00
85,Paris Saint Germain,483,K. Kvaratskhelia,24.0,Attacker,2026-05-30T02:32:56+00:00
85,Paris Saint Germain,446249,I. Mbaye,17.0,Attacker,2026-05-30T02:32:56+00:00
85,Paris Saint Germain,567805,P. Mounguengue,17.0,Attacker,2026-05-30T02:32:56+00:00
85,Paris Saint Germain,471107,Quentin Ndjantou Mbitcha,18.0,Attacker,2026-05-30T02:32:56+00:00
85,Paris Saint Germain,41585,Gonçalo Ramos,24.0,Attacker,2026-05-30T02:32:56+00:00
91,Monaco,963,L. Hrádecký,36.0,Goalkeeper,2026-05-30T02:32:56+00:00
91,Monaco,7313,P. Köhn,27.0,Goalkeeper,2026-05-30T02:32:56+00:00
91,Monaco,274296,Y. Lienard,22.0,Goalkeeper,2026-05-30T02:32:56+00:00
91,Monaco,440070,J. Stawiecki,18.0,Goalkeeper,2026-05-30T02:32:56+00:00
91,Monaco,10316,Caio Henrique,28.0,Defender,2026-05-30T02:32:56+00:00
91,Monaco,175,E. Dier,31.0,Defender,2026-05-30T02:32:56+00:00
91,Monaco,8694,W. Faes,27.0,Defender,2026-05-30T02:32:56+00:00
91,Monaco,261,T. Kehrer,29.0,Defender,2026-05-30T02:32:56+00:00
91,Monaco,371916,C. Mawissa Elebi,20.0,Defender,2026-05-30T02:32:56+00:00
91,Monaco,333137,K. Ouattara,21.0,Defender,2026-05-30T02:32:56+00:00
91,Monaco,47480,M. Salisu,26.0,Defender,2026-05-30T02:32:56+00:00
91,Monaco,231,J. Teze,26.0,Defender,2026-05-30T02:32:56+00:00
91,Monaco,291649,Vanderson,24.0,Defender,2026-05-30T02:32:56+00:00
91,Monaco,453792,A. Bamba,19.0,Midfielder,2026-05-30T02:32:56+00:00
91,Monaco,543470,Pape Cabral,18.0,Midfielder,2026-05-30T02:32:56+00:00
91,Monaco,374058,L. Camara,21.0,Midfielder,2026-05-30T02:32:56+00:00
91,Monaco,419035,M. Coulibaly,21.0,Midfielder,2026-05-30T02:32:56+00:00
91,Monaco,81,K. Diatta,26.0,Midfielder,2026-05-30T02:32:56+00:00
91,Monaco,109,A. Golovin,29.0,Midfielder,2026-05-30T02:32:56+00:00
91,Monaco,340152,S. Idumbo-Muzambo,20.0,Midfielder,2026-05-30T02:32:56+00:00
91,Monaco,449676,S. Nibombé,18.0,Midfielder,2026-05-30T02:32:56+00:00
91,Monaco,904,P. Pogba,32.0,Midfielder,2026-05-30T02:32:56+00:00
91,Monaco,531402,I. Toure,19.0,Midfielder,2026-05-30T02:32:56+00:00
91,Monaco,2810,D. Zakaria,29.0,Midfielder,2026-05-30T02:32:56+00:00
91,Monaco,301771,S. Adingra,23.0,Attacker,2026-05-30T02:32:56+00:00
91,Monaco,274300,M. Akliouche,23.0,Attacker,2026-05-30T02:32:56+00:00
91,Monaco,138835,F. Balogun,24.0,Attacker,2026-05-30T02:32:56+00:00
91,Monaco,283026,M. Biereth,22.0,Attacker,2026-05-30T02:32:56+00:00
91,Monaco,386276,Paris Josua  Brunner,19.0,Attacker,2026-05-30T02:32:56+00:00
91,Monaco,135775,Ansu Fati,23.0,Attacker,2026-05-30T02:32:56+00:00
91,Monaco,1101,T. Minamino,30.0,Attacker,2026-05-30T02:32:56+00:00
93,Reims,329640,E. Jaouen,20.0,Goalkeeper,2026-05-30T02:32:56+00:00
93,Reims,21080,A. Olliero,29.0,Goalkeeper,2026-05-30T02:32:56+00:00
93,Reims,47530,Sergio Akieme,28.0,Defender,2026-05-30T02:32:56+00:00
93,Reims,8553,M. Busi,26.0,Defender,2026-05-30T02:32:56+00:00
93,Reims,419915,N. Ahouonon,21.0,Defender,2026-05-30T02:32:56+00:00
93,Reims,442929,A. Koné,20.0,Defender,2026-05-30T02:32:56+00:00
93,Reims,303118,S. Kotto,22.0,Defender,2026-05-30T02:32:56+00:00
93,Reims,606063,J. Mambuku,17.0,Defender,2026-05-30T02:32:56+00:00
93,Reims,21088,N. Pallois,38.0,Defender,2026-05-30T02:32:56+00:00
93,Reims,420292,H. Sekine,23.0,Defender,2026-05-30T02:32:56+00:00
93,Reims,197771,Y. Benhattab,23.0,Midfielder,2026-05-30T02:32:56+00:00
93,Reims,639074,Ansoumana Dansokho,19.0,Midfielder,2026-05-30T02:32:56+00:00
93,Reims,384489,Y. Fofana,21.0,Midfielder,2026-05-30T02:32:56+00:00
93,Reims,156992,M. Gbane,25.0,Midfielder,2026-05-30T02:32:56+00:00
93,Reims,162768,T. Leoni,25.0,Midfielder,2026-05-30T02:32:56+00:00
93,Reims,293297,J. Patrick,22.0,Midfielder,2026-05-30T02:32:56+00:00
93,Reims,418190,A. Tia,19.0,Midfielder,2026-05-30T02:32:56+00:00
93,Reims,505518,E. Zabi,19.0,Midfielder,2026-05-30T02:32:56+00:00
93,Reims,369059,A. Bojang,21.0,Attacker,2026-05-30T02:32:56+00:00
93,Reims,1300,M. Daramy,23.0,Attacker,2026-05-30T02:32:56+00:00
93,Reims,584167,M. Debondt,18.0,Attacker,2026-05-30T02:32:56+00:00
93,Reims,329642,T. Diarra,22.0,Attacker,2026-05-30T02:32:56+00:00
93,Reims,584168,T. Diarrassouba,17.0,Attacker,2026-05-30T02:32:56+00:00
93,Reims,494535,H. Ibrahim,20.0,Attacker,2026-05-30T02:32:56+00:00
93,Reims,33321,Keito Nakamura,25.0,Attacker,2026-05-30T02:32:56+00:00
93,Reims,639075,Lenny Sylla,19.0,Attacker,2026-05-30T02:32:56+00:00
94,Rennes,562237,Ayoube Akabou,18.0,Goalkeeper,2026-05-30T02:32:56+00:00
94,Rennes,601332,Kilian Belazzoug,19.0,Goalkeeper,2026-05-30T02:32:56+00:00
94,Rennes,21628,B. Samba,31.0,Goalkeeper,2026-05-30T02:32:56+00:00
94,Rennes,361462,M. Silistrie,20.0,Goalkeeper,2026-05-30T02:32:56+00:00
94,Rennes,417830,A. Ait Boudlal,19.0,Defender,2026-05-30T02:32:56+00:00
94,Rennes,640701,Junior Ake,18.0,Defender,2026-05-30T02:32:56+00:00
94,Rennes,126757,L. Brassier,26.0,Defender,2026-05-30T02:32:56+00:00
94,Rennes,3007,P. Frankowski,30.0,Defender,2026-05-30T02:32:56+00:00
94,Rennes,367636,J. Jacquet,20.0,Defender,2026-05-30T02:32:56+00:00
94,Rennes,272460,Q. Merlin,23.0,Defender,2026-05-30T02:32:56+00:00
94,Rennes,438281,M. Nagida,20.0,Defender,2026-05-30T02:32:56+00:00
94,Rennes,129681,A. Rouault,24.0,Defender,2026-05-30T02:32:56+00:00
94,Rennes,196187,A. Seidu,25.0,Defender,2026-05-30T02:32:56+00:00
94,Rennes,653231,Isiaka Soukouna,20.0,Defender,2026-05-30T02:32:56+00:00
94,Rennes,24147,M. Camara,27.0,Midfielder,2026-05-30T02:32:56+00:00
94,Rennes,343792,D. Cissé,21.0,Midfielder,2026-05-30T02:32:56+00:00
94,Rennes,1754,G. Kamara,30.0,Midfielder,2026-05-30T02:32:56+00:00
94,Rennes,629380,P. Limon,20.0,Midfielder,2026-05-30T02:32:56+00:00
94,Rennes,21102,V. Rongier,31.0,Midfielder,2026-05-30T02:32:56+00:00
94,Rennes,40403,S. Szymański,26.0,Midfielder,2026-05-30T02:32:56+00:00
94,Rennes,639279,Chibuike Ugochukwu,17.0,Midfielder,2026-05-30T02:32:56+00:00
94,Rennes,21497,L. Blas,28.0,Attacker,2026-05-30T02:32:56+00:00
94,Rennes,456765,H. Do Marcolino,19.0,Attacker,2026-05-30T02:32:56+00:00
94,Rennes,421,B. Embolo,28.0,Attacker,2026-05-30T02:32:56+00:00
94,Rennes,625629,Elias Legendre Quiñonez,17.0,Attacker,2026-05-30T02:32:56+00:00
94,Rennes,163004,E. Lepaul,25.0,Attacker,2026-05-30T02:32:56+00:00
94,Rennes,399890,N. Mukiele,19.0,Attacker,2026-05-30T02:32:56+00:00
94,Rennes,22097,A. Nordin,27.0,Attacker,2026-05-30T02:32:56+00:00
94,Rennes,585073,L. Rosier,18.0,Attacker,2026-05-30T02:32:56+00:00
94,Rennes,15286,Mousa Tamari,28.0,Attacker,2026-05-30T02:32:56+00:00
94,Rennes,457101,M. Zabiri,20.0,Attacker,2026-05-30T02:32:56+00:00
95,Strasbourg,129673,S. Bajić,24.0,Goalkeeper,2026-05-30T02:32:56+00:00
95,Strasbourg,2850,K. Johnsson,35.0,Goalkeeper,2026-05-30T02:32:56+00:00
95,Strasbourg,494590,G. Kerckaert,18.0,Goalkeeper,2026-05-30T02:32:56+00:00
95,Strasbourg,340151,M. Penders,20.0,Goalkeeper,2026-05-30T02:32:56+00:00
95,Strasbourg,422780,A. Anselmino,20.0,Defender,2026-05-30T02:32:56+00:00
95,Strasbourg,585206,Y. Becker,17.0,Defender,2026-05-30T02:32:56+00:00
95,Strasbourg,2933,B. Chilwell,29.0,Defender,2026-05-30T02:32:56+00:00
95,Strasbourg,551210,A. Cisse,19.0,Defender,2026-05-30T02:32:56+00:00
95,Strasbourg,161747,G. Doué,23.0,Defender,2026-05-30T02:32:56+00:00
95,Strasbourg,271542,I. Doukouré,22.0,Defender,2026-05-30T02:32:56+00:00
95,Strasbourg,396193,L. Høgsberg,19.0,Defender,2026-05-30T02:32:56+00:00
95,Strasbourg,147835,A. Omobamidele,23.0,Defender,2026-05-30T02:32:56+00:00
95,Strasbourg,334035,S. Amo-Ameyaw,19.0,Midfielder,2026-05-30T02:32:56+00:00
95,Strasbourg,395762,M. Amougou,19.0,Midfielder,2026-05-30T02:32:56+00:00
95,Strasbourg,319572,V. Barco,21.0,Midfielder,2026-05-30T02:32:56+00:00
95,Strasbourg,659107,Yaya Diémé,18.0,Midfielder,2026-05-30T02:32:56+00:00
95,Strasbourg,415431,S. El Mourabet,20.0,Midfielder,2026-05-30T02:32:56+00:00
95,Strasbourg,70747,J. Enciso,21.0,Midfielder,2026-05-30T02:32:56+00:00
95,Strasbourg,345416,Rafael LuÃ­s,20.0,Midfielder,2026-05-30T02:32:56+00:00
95,Strasbourg,584192,M. Marechal,18.0,Midfielder,2026-05-30T02:32:56+00:00
95,Strasbourg,335056,Diego Moreira,21.0,Midfielder,2026-05-30T02:32:56+00:00
95,Strasbourg,282549,J. Mwanga,22.0,Midfielder,2026-05-30T02:32:56+00:00
95,Strasbourg,226803,S. Nanasi,23.0,Midfielder,2026-05-30T02:32:56+00:00
95,Strasbourg,588425,Tyrese Noubissie,16.0,Midfielder,2026-05-30T02:32:56+00:00
95,Strasbourg,358166,A. Ouattara,20.0,Midfielder,2026-05-30T02:32:56+00:00
95,Strasbourg,303016,M. Oyedele,21.0,Midfielder,2026-05-30T02:32:56+00:00
95,Strasbourg,656711,Idrissa Sabaly,18.0,Midfielder,2026-05-30T02:32:56+00:00
95,Strasbourg,369544,Gessime Yassine,20.0,Midfielder,2026-05-30T02:32:56+00:00
95,Strasbourg,629148,Jean-Baptiste Bosey,17.0,Attacker,2026-05-30T02:32:56+00:00
95,Strasbourg,203762,E. Emegha,22.0,Attacker,2026-05-30T02:32:56+00:00
95,Strasbourg,291476,D. Fofana,23.0,Attacker,2026-05-30T02:32:56+00:00
95,Strasbourg,359386,M. Godo,22.0,Attacker,2026-05-30T02:32:56+00:00
95,Strasbourg,488976,G. Kodia,18.0,Attacker,2026-05-30T02:32:56+00:00
95,Strasbourg,390742,J. Panichelli,23.0,Attacker,2026-05-30T02:32:56+00:00
96,Toulouse,47351,Álex Domínguez,27.0,Goalkeeper,2026-05-30T02:32:56+00:00
96,Toulouse,39104,K. Haug,27.0,Goalkeeper,2026-05-30T02:32:56+00:00
96,Toulouse,325346,G. Restes,20.0,Goalkeeper,2026-05-30T02:32:56+00:00
96,Toulouse,571904,N. Said Mchindra,20.0,Goalkeeper,2026-05-30T02:32:56+00:00
96,Toulouse,584362,G. Bakhouche Piernas,20.0,Defender,2026-05-30T02:32:56+00:00
96,Toulouse,278392,C. Cresswell,23.0,Defender,2026-05-30T02:32:56+00:00
96,Toulouse,449543,T. Garondo,19.0,Defender,2026-05-30T02:32:56+00:00
96,Toulouse,264383,W. Kamanzi,25.0,Defender,2026-05-30T02:32:56+00:00
96,Toulouse,489905,S. Koumbassa,18.0,Defender,2026-05-30T02:32:56+00:00
96,Toulouse,50735,M. McKenzie,26.0,Defender,2026-05-30T02:32:56+00:00
96,Toulouse,452697,D. Methalie,19.0,Defender,2026-05-30T02:32:56+00:00
96,Toulouse,15793,R. Nicolaisen,28.0,Defender,2026-05-30T02:32:56+00:00
96,Toulouse,580818,Louis Reynaud,17.0,Defender,2026-05-30T02:32:56+00:00
96,Toulouse,102,D. Sidibé,33.0,Defender,2026-05-30T02:32:56+00:00
96,Toulouse,366573,N. Wasbauer,21.0,Defender,2026-05-30T02:32:56+00:00
96,Toulouse,50956,C. Cásseres,25.0,Midfielder,2026-05-30T02:32:56+00:00
96,Toulouse,339417,P. Diop,22.0,Midfielder,2026-05-30T02:32:56+00:00
96,Toulouse,39115,A. Dønnum,27.0,Midfielder,2026-05-30T02:32:56+00:00
96,Toulouse,118345,A. Francis,24.0,Midfielder,2026-05-30T02:32:56+00:00
96,Toulouse,385351,N. Lahmadi,20.0,Midfielder,2026-05-30T02:32:56+00:00
96,Toulouse,334952,R. Messali,22.0,Midfielder,2026-05-30T02:32:56+00:00
96,Toulouse,304140,M. Sauer,21.0,Midfielder,2026-05-30T02:32:56+00:00
96,Toulouse,514464,A. Vossah,17.0,Midfielder,2026-05-30T02:32:56+00:00
96,Toulouse,489903,Y. Azizi,17.0,Attacker,2026-05-30T02:32:56+00:00
96,Toulouse,321648,Emersonn,21.0,Attacker,2026-05-30T02:32:56+00:00
96,Toulouse,492727,E. Faty,18.0,Attacker,2026-05-30T02:32:56+00:00
96,Toulouse,84128,Y. Gboho,24.0,Attacker,2026-05-30T02:32:56+00:00
96,Toulouse,362741,S. Hidalgo,20.0,Attacker,2026-05-30T02:32:56+00:00
96,Toulouse,174724,F. Magri,26.0,Attacker,2026-05-30T02:32:56+00:00
96,Toulouse,203428,J. Russell-Rowe,23.0,Attacker,2026-05-30T02:32:56+00:00
96,Toulouse,457025,Julián Vignolo,19.0,Attacker,2026-05-30T02:32:56+00:00
106,Brest,21248,G. Coudert,26.0,Goalkeeper,2026-05-30T02:32:56+00:00
106,Brest,348052,N. Jauny,21.0,Goalkeeper,2026-05-30T02:32:56+00:00
106,Brest,40384,R. Majecki,26.0,Goalkeeper,2026-05-30T02:32:56+00:00
106,Brest,20546,B. Chardonnet,31.0,Defender,2026-05-30T02:32:56+00:00
106,Brest,162568,S. Coulibaly,22.0,Defender,2026-05-30T02:32:56+00:00
106,Brest,365742,M. Diaz,22.0,Defender,2026-05-30T02:32:56+00:00
106,Brest,302868,D. Guindo,23.0,Defender,2026-05-30T02:32:56+00:00
106,Brest,22247,K. Lala,34.0,Defender,2026-05-30T02:32:56+00:00
106,Brest,498791,R. Le Guen,19.0,Defender,2026-05-30T02:32:56+00:00
106,Brest,274267,B. Locko,23.0,Defender,2026-05-30T02:32:56+00:00
106,Brest,422595,L. Zogbe,20.0,Defender,2026-05-30T02:32:56+00:00
106,Brest,128287,J. Chotard,24.0,Midfielder,2026-05-30T02:32:56+00:00
106,Brest,90594,J. Dina Ebimbe,25.0,Midfielder,2026-05-30T02:32:56+00:00
106,Brest,326068,K. Doumbia,22.0,Midfielder,2026-05-30T02:32:56+00:00
106,Brest,629780,Bernard Geraux Noan Didier,19.0,Midfielder,2026-05-30T02:32:56+00:00
106,Brest,20558,H. Magnetti,27.0,Midfielder,2026-05-30T02:32:56+00:00
106,Brest,449153,H. Makalou,19.0,Midfielder,2026-05-30T02:32:56+00:00
106,Brest,664,L. Tousart,28.0,Midfielder,2026-05-30T02:32:56+00:00
106,Brest,22264,L. Ajorque,31.0,Attacker,2026-05-30T02:32:56+00:00
106,Brest,41323,Mama Baldé,30.0,Attacker,2026-05-30T02:32:56+00:00
106,Brest,2214,R. Del Castillo,29.0,Attacker,2026-05-30T02:32:56+00:00
106,Brest,485957,Serigne Diop,20.0,Attacker,2026-05-30T02:32:56+00:00
106,Brest,554352,Ibrahim Yayiya Kante,18.0,Attacker,2026-05-30T02:32:56+00:00
106,Brest,326073,R. Labeau Lascary,22.0,Attacker,2026-05-30T02:32:56+00:00
106,Brest,375990,P. Mboup,22.0,Attacker,2026-05-30T02:32:56+00:00
108,Auxerre,193681,T. De Percin,24.0,Goalkeeper,2026-05-30T02:32:56+00:00
108,Auxerre,20542,D. Léon,33.0,Goalkeeper,2026-05-30T02:32:56+00:00
108,Auxerre,275368,T. Negrel,22.0,Goalkeeper,2026-05-30T02:32:56+00:00
108,Auxerre,191189,C. Akpa,24.0,Defender,2026-05-30T02:32:56+00:00
108,Auxerre,162466,S. Diomandé,24.0,Defender,2026-05-30T02:32:56+00:00
108,Auxerre,7578,G. Mensah,27.0,Defender,2026-05-30T02:32:56+00:00
108,Auxerre,115588,B. Okoh,22.0,Defender,2026-05-30T02:32:56+00:00
108,Auxerre,215827,F. Oppegård,23.0,Defender,2026-05-30T02:32:56+00:00
108,Auxerre,191240,M. Senaya,24.0,Defender,2026-05-30T02:32:56+00:00
108,Auxerre,31016,F. Sierralta,28.0,Defender,2026-05-30T02:32:56+00:00
108,Auxerre,402542,T. Siwe,21.0,Defender,2026-05-30T02:32:56+00:00
108,Auxerre,661087,Evan Soumare,19.0,Defender,2026-05-30T02:32:56+00:00
108,Auxerre,193953,L. Sy,23.0,Defender,2026-05-30T02:32:56+00:00
108,Auxerre,152418,N. Ahamada,23.0,Midfielder,2026-05-30T02:32:56+00:00
108,Auxerre,323625,K. Danois,21.0,Midfielder,2026-05-30T02:32:56+00:00
108,Auxerre,551415,T. Devernois,18.0,Midfielder,2026-05-30T02:32:56+00:00
108,Auxerre,30748,A. Dioussé,28.0,Midfielder,2026-05-30T02:32:56+00:00
108,Auxerre,319919,O. El Azzouzi,24.0,Midfielder,2026-05-30T02:32:56+00:00
108,Auxerre,84082,R. Faivre,27.0,Midfielder,2026-05-30T02:32:56+00:00
108,Auxerre,21010,E. Owusu,28.0,Midfielder,2026-05-30T02:32:56+00:00
108,Auxerre,174915,J. Casimir,24.0,Attacker,2026-05-30T02:32:56+00:00
108,Auxerre,627298,Mamoudou Cissokho,17.0,Attacker,2026-05-30T02:32:56+00:00
108,Auxerre,322595,L. Coulibaly,23.0,Attacker,2026-05-30T02:32:56+00:00
108,Auxerre,190686,S. Mara,23.0,Attacker,2026-05-30T02:32:56+00:00
108,Auxerre,19625,D. Namaso,25.0,Attacker,2026-05-30T02:32:56+00:00
108,Auxerre,381123,R. Rodin,19.0,Attacker,2026-05-30T02:32:56+00:00
108,Auxerre,90617,L. Sinayoko,26.0,Attacker,2026-05-30T02:32:56+00:00
108,Auxerre,613216,Y. Zaddy,19.0,Attacker,2026-05-30T02:32:56+00:00
111,Le Havre,395808,Paul Argney,19.0,Goalkeeper,2026-05-30T02:32:56+00:00
111,Le Havre,119853,M. Diaw,32.0,Goalkeeper,2026-05-30T02:32:56+00:00
111,Le Havre,24012,L. Mpasi,31.0,Goalkeeper,2026-05-30T02:32:56+00:00
111,Le Havre,515772,Alex Teixeira,18.0,Goalkeeper,2026-05-30T02:32:56+00:00
111,Le Havre,174625,F. Doucouré,24.0,Defender,2026-05-30T02:32:56+00:00
111,Le Havre,355955,Rory Davidson,25.0,Defender,2026-05-30T02:32:56+00:00
111,Le Havre,64255,G. Lloris,30.0,Defender,2026-05-30T02:32:56+00:00
111,Le Havre,629834,Yanis Monkolot,16.0,Defender,2026-05-30T02:32:56+00:00
111,Le Havre,2336,L. Négo,34.0,Defender,2026-05-30T02:32:56+00:00
111,Le Havre,162067,T. Pembélé,23.0,Defender,2026-05-30T02:32:56+00:00
111,Le Havre,174927,A. Sangante,23.0,Defender,2026-05-30T02:32:56+00:00
111,Le Havre,33165,A. Seko,25.0,Defender,2026-05-30T02:32:56+00:00
111,Le Havre,162443,É. Youté,23.0,Defender,2026-05-30T02:32:56+00:00
111,Le Havre,513415,Stephan Zagadou,17.0,Defender,2026-05-30T02:32:56+00:00
111,Le Havre,23637,Y. Zouaoui,27.0,Defender,2026-05-30T02:32:56+00:00
111,Le Havre,630730,Thierno Bah,19.0,Midfielder,2026-05-30T02:32:56+00:00
111,Le Havre,471290,A. Diabate,20.0,Midfielder,2026-05-30T02:32:56+00:00
111,Le Havre,364093,S. Ebonog,21.0,Midfielder,2026-05-30T02:32:56+00:00
111,Le Havre,179843,L. Gourna-Douath,22.0,Midfielder,2026-05-30T02:32:56+00:00
111,Le Havre,174937,Y. Kechta,23.0,Midfielder,2026-05-30T02:32:56+00:00
111,Le Havre,145476,R. Khadra,24.0,Midfielder,2026-05-30T02:32:56+00:00
111,Le Havre,460805,D. Mosengo,19.0,Midfielder,2026-05-30T02:32:56+00:00
111,Le Havre,128342,R. Ndiaye,24.0,Midfielder,2026-05-30T02:32:56+00:00
111,Le Havre,630731,Thomas Rousseau,17.0,Midfielder,2026-05-30T02:32:56+00:00
111,Le Havre,630733,Yanis Beau Djellel,20.0,Attacker,2026-05-30T02:32:56+00:00
111,Le Havre,2710,S. Boufal,32.0,Attacker,2026-05-30T02:32:56+00:00
111,Le Havre,21641,G. Kyeremeh,25.0,Attacker,2026-05-30T02:32:56+00:00
111,Le Havre,961,F. Mambimbi,24.0,Attacker,2026-05-30T02:32:56+00:00
111,Le Havre,437529,N. Obougoujacquet,18.0,Attacker,2026-05-30T02:32:56+00:00
111,Le Havre,584356,K. Quetant,19.0,Attacker,2026-05-30T02:32:56+00:00
111,Le Havre,1945,M. Samatta,33.0,Attacker,2026-05-30T02:32:56+00:00
111,Le Havre,156465,I. Soumaré,25.0,Attacker,2026-05-30T02:32:56+00:00
111,Le Havre,437349,E. Koffi Vinette,19.0,Attacker,2026-05-30T02:32:56+00:00
112,Metz,237198,O. Ba,23.0,Goalkeeper,2026-05-30T02:32:56+00:00
112,Metz,158532,J. Fischer,24.0,Goalkeeper,2026-05-30T02:32:56+00:00
112,Metz,613214,Romain Jean-Baptiste,19.0,Goalkeeper,2026-05-30T02:32:56+00:00
112,Metz,403878,P. Sy,28.0,Goalkeeper,2026-05-30T02:32:56+00:00
112,Metz,105,F. Ballo-Touré,28.0,Defender,2026-05-30T02:32:56+00:00
112,Metz,19518,M. Colin,34.0,Defender,2026-05-30T02:32:56+00:00
112,Metz,613215,Moustapha Diop,,Defender,2026-05-30T02:32:56+00:00
112,Metz,3240,J. Gbamin,30.0,Defender,2026-05-30T02:32:56+00:00
112,Metz,96331,K. Kouao,27.0,Defender,2026-05-30T02:32:56+00:00
112,Metz,378353,U. Mboula,22.0,Defender,2026-05-30T02:32:56+00:00
112,Metz,428084,Sadibou Sané,21.0,Defender,2026-05-30T02:32:56+00:00
112,Metz,1915,B. Sarr,32.0,Defender,2026-05-30T02:32:56+00:00
112,Metz,434352,A. Touré,19.0,Defender,2026-05-30T02:32:56+00:00
112,Metz,363792,T. Yegbe,24.0,Defender,2026-05-30T02:32:56+00:00
112,Metz,21640,J. Deminguet,27.0,Midfielder,2026-05-30T02:32:56+00:00
112,Metz,629779,Tahirys Dos Santos,19.0,Midfielder,2026-05-30T02:32:56+00:00
112,Metz,384683,I. Guerti,21.0,Midfielder,2026-05-30T02:32:56+00:00
112,Metz,570580,B. Munongo,15.0,Midfielder,2026-05-30T02:32:56+00:00
112,Metz,407,B. Stambouli,35.0,Midfielder,2026-05-30T02:32:56+00:00
112,Metz,157912,B. Traoré,24.0,Midfielder,2026-05-30T02:32:56+00:00
112,Metz,68177,G. Abuashvili,22.0,Attacker,2026-05-30T02:32:56+00:00
112,Metz,20535,H. Diallo,30.0,Attacker,2026-05-30T02:32:56+00:00
112,Metz,20529,G. Hein,29.0,Attacker,2026-05-30T02:32:56+00:00
112,Metz,8490,G. Kvilitaia,32.0,Attacker,2026-05-30T02:32:56+00:00
112,Metz,584096,N. Mbala,17.0,Attacker,2026-05-30T02:32:56+00:00
112,Metz,404588,C. Melieres,20.0,Attacker,2026-05-30T02:32:56+00:00
112,Metz,343319,L. Michal,20.0,Attacker,2026-05-30T02:32:56+00:00
112,Metz,647405,J. Pandore,18.0,Attacker,2026-05-30T02:32:56+00:00
112,Metz,2181,G. Tsitaishvili,25.0,Attacker,2026-05-30T02:32:56+00:00
116,Lens,646,M. Gorgelin,35.0,Goalkeeper,2026-05-30T02:32:56+00:00
116,Lens,21378,R. Gurtner,39.0,Goalkeeper,2026-05-30T02:32:56+00:00
116,Lens,497661,I. Jourdren,17.0,Goalkeeper,2026-05-30T02:32:56+00:00
116,Lens,347211,R. Risser,21.0,Goalkeeper,2026-05-30T02:32:56+00:00
116,Lens,44594,Saud Abdulhamid,26.0,Midfielder,2026-05-30T02:32:56+00:00
116,Lens,21568,R. Aguilar,32.0,Defender,2026-05-30T02:32:56+00:00
116,Lens,441264,K. Antonio,17.0,Defender,2026-05-30T02:32:56+00:00
116,Lens,322984,S. Baidoo,21.0,Defender,2026-05-30T02:32:56+00:00
116,Lens,395589,N. Äelik,19.0,Defender,2026-05-30T02:32:56+00:00
116,Lens,369500,I. Ganiou,20.0,Defender,2026-05-30T02:32:56+00:00
116,Lens,441256,O. Lenne,19.0,Defender,2026-05-30T02:32:56+00:00
116,Lens,18816,A. Masuaku,32.0,Defender,2026-05-30T02:32:56+00:00
116,Lens,22166,M. Sarr,26.0,Defender,2026-05-30T02:32:56+00:00
116,Lens,20525,M. Udol,29.0,Midfielder,2026-05-30T02:32:56+00:00
116,Lens,394950,A. Bulatović,19.0,Midfielder,2026-05-30T02:32:56+00:00
116,Lens,1153,A. Haidara,27.0,Midfielder,2026-05-30T02:32:56+00:00
116,Lens,277306,M. Sangaré,23.0,Midfielder,2026-05-30T02:32:56+00:00
116,Lens,660571,M. Soares,16.0,Midfielder,2026-05-30T02:32:56+00:00
116,Lens,395811,F. Sylla,19.0,Midfielder,2026-05-30T02:32:56+00:00
116,Lens,22261,A. Thomasson,32.0,Midfielder,2026-05-30T02:32:56+00:00
116,Lens,402066,A. Bermont,20.0,Attacker,2026-05-30T02:32:56+00:00
116,Lens,1135,O. Édouard,27.0,Attacker,2026-05-30T02:32:56+00:00
116,Lens,443579,R. Fofana,19.0,Attacker,2026-05-30T02:32:56+00:00
116,Lens,633361,Erawan Garnier,20.0,Attacker,2026-05-30T02:32:56+00:00
116,Lens,21715,W. Saïd,30.0,Attacker,2026-05-30T02:32:56+00:00
116,Lens,22173,A. Saint-Maximin,28.0,Attacker,2026-05-30T02:32:56+00:00
116,Lens,277191,A. Sima,24.0,Attacker,2026-05-30T02:32:56+00:00
116,Lens,20761,F. Sotoca,35.0,Attacker,2026-05-30T02:32:56+00:00
116,Lens,1922,F. Thauvin,32.0,Attacker,2026-05-30T02:32:56+00:00
1063,Saint Etienne,20541,G. Larsonneur,28.0,Goalkeeper,2026-05-30T02:32:56+00:00
1063,Saint Etienne,20736,B. Maubleu,36.0,Goalkeeper,2026-05-30T02:32:56+00:00
1063,Saint Etienne,368026,I. Touré,21.0,Goalkeeper,2026-05-30T02:32:56+00:00
1063,Saint Etienne,305450,E. Annan,23.0,Defender,2026-05-30T02:32:56+00:00
1063,Saint Etienne,1407,D. Appiah,33.0,Defender,2026-05-30T02:32:56+00:00
1063,Saint Etienne,90599,M. Bernauer,27.0,Defender,2026-05-30T02:32:56+00:00
1063,Saint Etienne,127634,João Ferreira,24.0,Defender,2026-05-30T02:32:56+00:00
1063,Saint Etienne,281438,Chico Lamba,22.0,Defender,2026-05-30T02:32:56+00:00
1063,Saint Etienne,85914,J. Le Cardinal,28.0,Defender,2026-05-30T02:32:56+00:00
1063,Saint Etienne,22087,M. Nadé,26.0,Defender,2026-05-30T02:32:56+00:00
1063,Saint Etienne,452315,K. Pedro,19.0,Defender,2026-05-30T02:32:56+00:00
1063,Saint Etienne,384861,A. Souhmahoro,20.0,Defender,2026-05-30T02:32:56+00:00
1063,Saint Etienne,463100,S. StojkoviÄ,18.0,Defender,2026-05-30T02:32:56+00:00
1063,Saint Etienne,659012,Adam Baallal,19.0,Midfielder,2026-05-30T02:32:56+00:00
1063,Saint Etienne,500070,N. El Jamali,18.0,Midfielder,2026-05-30T02:32:56+00:00
1063,Saint Etienne,583992,P. Eymard,17.0,Midfielder,2026-05-30T02:32:56+00:00
1063,Saint Etienne,495154,L. Gadegbeku,18.0,Midfielder,2026-05-30T02:32:56+00:00
1063,Saint Etienne,136155,M. Jaber,26.0,Midfielder,2026-05-30T02:32:56+00:00
1063,Saint Etienne,384828,A. Kanté,20.0,Midfielder,2026-05-30T02:32:56+00:00
1063,Saint Etienne,363053,I. Miladinović,22.0,Midfielder,2026-05-30T02:32:56+00:00
1063,Saint Etienne,174801,A. Moueffek,24.0,Midfielder,2026-05-30T02:32:56+00:00
1063,Saint Etienne,396323,J. Mouton,20.0,Midfielder,2026-05-30T02:32:56+00:00
1063,Saint Etienne,8624,F. Tardieu,33.0,Midfielder,2026-05-30T02:32:56+00:00
1063,Saint Etienne,337426,A. Boakye,25.0,Midfielder,2026-05-30T02:32:56+00:00
1063,Saint Etienne,8683,I. Cardona,28.0,Midfielder,2026-05-30T02:32:56+00:00
1063,Saint Etienne,24743,Z. Davitashvili,24.0,Midfielder,2026-05-30T02:32:56+00:00
1063,Saint Etienne,305735,J. Duffus,21.0,Attacker,2026-05-30T02:32:56+00:00
1063,Saint Etienne,531403,D. N'Guessan,17.0,Attacker,2026-05-30T02:32:56+00:00
1063,Saint Etienne,179856,B. Old,23.0,Attacker,2026-05-30T02:32:56+00:00
1063,Saint Etienne,322560,L. Stassin,21.0,Attacker,2026-05-30T02:32:56+00:00
