MatchDate,HomeTeam,AwayTeam,HomeGoals,AwayGoals,Home_xG,Away_xG
2023-08-11,Almeria,Vallecano,0,2,1.55,1.24
2023-08-11,Sevilla,Valencia,1,2,0.93,0.93
2023-08-12,Sociedad,Girona,1,1,0.62,0.31
2023-08-12,Las Palmas,Mallorca,1,1,0.62,0.62
2023-08-12,Ath Bilbao,Real Madrid,0,2,0.31,2.48
2023-08-13,Celta,Osasuna,0,2,0.31,1.55
2023-08-13,Villarreal,Betis,1,2,1.55,1.55
2023-08-13,Getafe,Barcelona,0,0,0.62,1.24
2023-08-14,Cadiz,Alaves,1,0,0.93,0.62
2023-08-14,Ath Madrid,Granada,3,1,1.86,1.24
2023-08-18,Mallorca,Villarreal,0,1,0.31,0.93
2023-08-18,Valencia,Las Palmas,1,0,1.24,0.31
2023-08-19,Sociedad,Celta,1,1,0.62,1.86
2023-08-19,Almeria,Real Madrid,1,3,2.48,2.79
2023-08-19,Osasuna,Ath Bilbao,0,2,2.17,0.62
2023-08-20,Girona,Getafe,3,0,1.86,0.62
2023-08-20,Barcelona,Cadiz,2,0,3.1,0.31
2023-08-20,Betis,Ath Madrid,0,0,0.0,0.31
2023-08-21,Alaves,Sevilla,4,3,2.17,0.62
2023-08-21,Granada,Vallecano,0,2,2.17,2.79
2023-08-25,Las Palmas,Sociedad,0,0,1.55,0.31
2023-08-25,Celta,Real Madrid,0,1,1.24,0.93
2023-08-26,Cadiz,Almeria,1,1,0.93,0.62
2023-08-26,Granada,Mallorca,3,2,1.24,1.55
2023-08-26,Sevilla,Girona,1,2,1.24,0.93
2023-08-27,Villarreal,Barcelona,3,4,1.86,3.41
2023-08-27,Valencia,Osasuna,1,2,1.24,0.62
2023-08-27,Ath Bilbao,Betis,4,2,1.86,0.93
2023-08-28,Getafe,Alaves,1,0,1.24,0.62
2023-08-28,Vallecano,Ath Madrid,0,7,0.93,3.1
2023-09-01,Cadiz,Villarreal,3,1,1.24,0.93
2023-09-01,Almeria,Celta,2,3,1.55,2.48
2023-09-02,Sociedad,Granada,5,3,1.86,1.55
2023-09-02,Real Madrid,Getafe,2,1,3.72,0.62
2023-09-02,Alaves,Valencia,1,0,0.31,1.24
2023-09-02,Betis,Vallecano,1,0,1.55,1.86
2023-09-03,Girona,Las Palmas,1,0,1.86,1.55
2023-09-03,Mallorca,Ath Bilbao,0,0,0.62,0.93
2023-09-03,Osasuna,Barcelona,1,2,0.93,1.24
2023-09-15,Vallecano,Alaves,2,0,3.41,0.31
2023-09-16,Celta,Mallorca,0,1,1.24,1.24
2023-09-16,Barcelona,Betis,5,0,2.79,0.62
2023-09-16,Ath Bilbao,Cadiz,3,0,2.79,1.24
2023-09-16,Valencia,Ath Madrid,3,0,2.48,0.93
2023-09-17,Sevilla,Las Palmas,1,0,2.79,0.62
2023-09-17,Getafe,Osasuna,3,2,1.86,0.93
2023-09-17,Villarreal,Almeria,2,1,1.24,2.17
2023-09-17,Real Madrid,Sociedad,2,1,2.48,1.55
2023-09-18,Granada,Girona,2,4,1.55,2.17
2023-09-22,Alaves,Ath Bilbao,0,2,1.55,0.93
2023-09-23,Osasuna,Sevilla,0,0,0.62,0.93
2023-09-23,Girona,Mallorca,5,3,3.1,1.55
2023-09-23,Almeria,Valencia,2,2,3.1,1.55
2023-09-23,Barcelona,Celta,3,2,1.86,2.17
2023-09-24,Sociedad,Getafe,4,3,1.86,2.17
2023-09-24,Vallecano,Villarreal,1,1,1.86,1.86
2023-09-24,Betis,Cadiz,1,1,2.17,0.31
2023-09-24,Las Palmas,Granada,1,0,0.93,0.31
2023-09-24,Ath Madrid,Real Madrid,3,1,1.24,1.55
2023-09-26,Sevilla,Almeria,5,1,2.79,0.31
2023-09-26,Mallorca,Barcelona,2,2,1.55,1.24
2023-09-27,Ath Bilbao,Getafe,2,2,1.24,1.55
2023-09-27,Real Madrid,Las Palmas,2,0,2.79,0.62
2023-09-27,Villarreal,Girona,1,2,0.93,1.55
2023-09-27,Cadiz,Vallecano,0,0,0.62,1.24
2023-09-27,Valencia,Sociedad,0,1,0.62,0.31
2023-09-28,Celta,Alaves,1,1,0.0,3.41
2023-09-28,Granada,Betis,1,1,2.17,0.93
2023-09-28,Osasuna,Ath Madrid,0,2,0.62,0.93
2023-09-29,Barcelona,Sevilla,1,0,1.55,0.93
2023-09-30,Getafe,Villarreal,0,0,2.79,0.0
2023-09-30,Vallecano,Mallorca,2,2,1.55,1.24
2023-09-30,Girona,Real Madrid,0,3,0.93,2.17
2023-09-30,Sociedad,Ath Bilbao,3,0,1.55,0.93
2023-10-01,Almeria,Granada,3,3,1.55,1.24
2023-10-01,Alaves,Osasuna,0,2,0.93,0.93
2023-10-01,Ath Madrid,Cadiz,3,2,2.79,1.24
2023-10-01,Betis,Valencia,3,0,2.17,0.62
2023-10-02,Las Palmas,Celta,2,1,1.55,0.93
2023-10-06,Ath Bilbao,Almeria,3,0,2.79,0.31
2023-10-07,Cadiz,Girona,0,1,0.62,1.55
2023-10-07,Real Madrid,Osasuna,4,0,2.79,0.31
2023-10-07,Mallorca,Valencia,1,1,1.55,0.93
2023-10-07,Sevilla,Vallecano,2,2,1.86,1.24
2023-10-08,Alaves,Betis,1,1,1.55,0.62
2023-10-08,Ath Madrid,Sociedad,2,1,1.55,1.24
2023-10-08,Granada,Barcelona,2,2,0.62,3.1
2023-10-08,Celta,Getafe,2,2,3.41,0.62
2023-10-08,Villarreal,Las Palmas,1,2,1.24,1.55
2023-10-20,Osasuna,Granada,2,0,1.86,0.93
2023-10-21,Sociedad,Mallorca,1,0,1.86,2.17
2023-10-21,Getafe,Betis,1,1,1.24,0.93
2023-10-21,Sevilla,Real Madrid,1,1,2.17,1.55
2023-10-21,Celta,Ath Madrid,0,3,0.93,2.17
2023-10-22,Las Palmas,Vallecano,0,1,1.86,1.24
2023-10-22,Girona,Almeria,5,2,2.48,1.55
2023-10-22,Villarreal,Alaves,1,1,0.93,2.17
2023-10-22,Barcelona,Ath Bilbao,1,0,2.17,0.93
2023-10-23,Valencia,Cadiz,2,0,1.24,1.24
2023-10-27,Girona,Celta,1,0,0.62,0.62
2023-10-28,Almeria,Las Palmas,1,2,1.24,0.93
2023-10-28,Barcelona,Real Madrid,1,2,0.93,1.24
2023-10-28,Mallorca,Getafe,0,0,1.24,0.0
2023-10-28,Cadiz,Sevilla,2,2,1.55,3.1
2023-10-29,Betis,Osasuna,2,1,0.62,0.31
2023-10-29,Vallecano,Sociedad,2,2,2.17,0.93
2023-10-29,Ath Bilbao,Valencia,2,2,2.17,1.55
2023-10-29,Ath Madrid,Alaves,2,1,2.17,0.31
2023-10-30,Granada,Villarreal,2,3,2.48,1.55
2023-11-03,Las Palmas,Ath Madrid,2,1,0.93,1.55
2023-11-04,Osasuna,Girona,2,4,0.93,1.24
2023-11-04,Betis,Mallorca,2,0,0.93,0.31
2023-11-04,Celta,Sevilla,1,1,0.93,1.55
2023-11-04,Sociedad,Barcelona,0,1,1.86,1.24
2023-11-05,Alaves,Almeria,1,0,0.93,0.93
2023-11-05,Valencia,Granada,1,0,0.62,0.31
2023-11-05,Villarreal,Ath Bilbao,2,3,1.86,2.17
2023-11-05,Real Madrid,Vallecano,0,0,1.55,0.0
2023-11-06,Getafe,Cadiz,1,0,0.93,0.62
2023-11-10,Ath Bilbao,Celta,4,3,3.72,1.55
2023-11-11,Vallecano,Girona,1,2,2.79,2.17
2023-11-11,Almeria,Sociedad,1,3,0.62,1.86
2023-11-11,Granada,Getafe,1,1,1.86,1.86
2023-11-11,Osasuna,Las Palmas,1,1,0.93,0.31
2023-11-11,Real Madrid,Valencia,5,1,2.17,1.24
2023-11-12,Barcelona,Alaves,2,1,1.86,0.31
2023-11-12,Sevilla,Betis,1,1,1.24,1.86
2023-11-12,Ath Madrid,Villarreal,3,1,3.1,2.17
2023-11-24,Alaves,Granada,3,1,1.55,1.24
2023-11-25,Vallecano,Barcelona,1,1,1.24,1.24
2023-11-25,Valencia,Celta,0,0,0.0,0.31
2023-11-25,Getafe,Almeria,2,1,1.55,1.24
2023-11-25,Ath Madrid,Mallorca,1,0,0.93,0.31
2023-11-26,Villarreal,Osasuna,3,1,0.93,2.17
2023-11-26,Sociedad,Sevilla,2,1,2.48,0.62
2023-11-26,Cadiz,Real Madrid,0,3,1.24,1.55
2023-11-26,Betis,Las Palmas,1,0,1.86,1.24
2023-11-27,Girona,Ath Bilbao,1,1,0.62,1.86
2023-11-29,Mallorca,Cadiz,1,1,0.93,0.93
2023-12-01,Las Palmas,Getafe,2,0,1.86,1.24
2023-12-02,Girona,Valencia,2,1,1.55,0.93
2023-12-02,Ath Bilbao,Vallecano,4,0,1.24,0.93
2023-12-02,Real Madrid,Granada,2,0,1.24,0.0
2023-12-02,Osasuna,Sociedad,1,1,0.93,1.55
2023-12-03,Mallorca,Alaves,0,0,0.93,1.24
2023-12-03,Almeria,Betis,0,0,2.48,0.62
2023-12-03,Sevilla,Villarreal,1,1,1.24,1.24
2023-12-03,Barcelona,Ath Madrid,1,0,0.62,1.24
2023-12-04,Celta,Cadiz,1,1,2.17,0.31
2023-12-08,Getafe,Valencia,1,0,1.86,0.0
2023-12-09,Alaves,Las Palmas,0,1,1.55,0.62
2023-12-09,Betis,Real Madrid,1,1,1.86,0.62
2023-12-09,Villarreal,Sociedad,0,3,1.24,1.55
2023-12-09,Mallorca,Sevilla,1,0,0.93,1.55
2023-12-10,Ath Madrid,Almeria,2,1,1.24,1.55
2023-12-10,Cadiz,Osasuna,1,1,1.55,1.55
2023-12-10,Barcelona,Girona,2,4,3.41,2.17
2023-12-11,Granada,Ath Bilbao,1,1,1.24,1.24
2023-12-11,Vallecano,Celta,0,0,1.24,0.62
2023-12-15,Osasuna,Vallecano,1,0,1.24,0.93
2023-12-16,Ath Bilbao,Ath Madrid,2,0,2.17,0.93
2023-12-16,Celta,Granada,1,0,1.24,0.62
2023-12-16,Valencia,Barcelona,1,1,1.24,2.48
2023-12-16,Sevilla,Getafe,0,3,1.24,2.17
2023-12-17,Almeria,Mallorca,0,0,0.31,0.62
2023-12-17,Sociedad,Betis,0,0,1.24,0.93
2023-12-17,Las Palmas,Cadiz,1,1,0.62,1.55
2023-12-17,Real Madrid,Villarreal,4,1,2.79,0.31
2023-12-18,Girona,Alaves,3,0,1.24,0.62
2023-12-19,Vallecano,Valencia,0,1,0.31,0.93
2023-12-19,Ath Madrid,Getafe,3,3,1.24,2.79
2023-12-19,Granada,Sevilla,0,3,0.93,1.55
2023-12-20,Barcelona,Almeria,3,2,3.41,1.55
2023-12-20,Ath Bilbao,Las Palmas,1,0,3.1,0.31
2023-12-20,Villarreal,Celta,3,2,2.48,1.55
2023-12-21,Cadiz,Sociedad,0,0,0.62,0.31
2023-12-21,Alaves,Real Madrid,0,1,0.62,1.24
2023-12-21,Betis,Girona,1,1,1.24,1.24
2023-12-21,Mallorca,Osasuna,3,2,2.48,2.17
2023-12-23,Ath Madrid,Sevilla,1,0,1.24,0.62
2024-01-02,Getafe,Vallecano,0,2,0.0,2.48
2024-01-02,Sociedad,Alaves,1,1,1.86,0.62
2024-01-02,Valencia,Villarreal,3,1,2.48,1.24
2024-01-03,Granada,Cadiz,2,0,2.48,0.62
2024-01-03,Celta,Betis,2,1,1.86,0.93
2024-01-03,Real Madrid,Mallorca,1,0,1.55,0.0
2024-01-03,Girona,Ath Madrid,4,3,2.79,3.72
2024-01-04,Osasuna,Almeria,1,0,0.62,0.0
2024-01-04,Sevilla,Ath Bilbao,0,2,0.62,1.86
2024-01-04,Las Palmas,Barcelona,1,2,0.93,1.55
2024-01-12,Sevilla,Alaves,2,3,1.24,2.48
2024-01-13,Las Palmas,Villarreal,3,0,0.93,0.93
2024-01-13,Mallorca,Celta,1,1,1.86,0.62
2024-01-13,Ath Bilbao,Sociedad,2,1,0.93,0.31
2024-01-13,Betis,Granada,1,0,1.86,0.62
2024-01-14,Almeria,Girona,0,0,0.93,0.31
2024-01-14,Cadiz,Valencia,1,4,0.62,1.55
2024-01-19,Alaves,Cadiz,1,0,0.93,0.31
2024-01-20,Vallecano,Las Palmas,0,2,0.93,1.55
2024-01-20,Villarreal,Mallorca,1,1,1.55,0.62
2024-01-20,Valencia,Ath Bilbao,1,0,0.31,0.93
2024-01-20,Celta,Sociedad,0,1,0.62,0.62
2024-01-21,Osasuna,Getafe,3,2,2.17,2.17
2024-01-21,Real Madrid,Almeria,3,2,1.86,0.62
2024-01-21,Betis,Barcelona,2,4,1.55,1.24
2024-01-21,Girona,Sevilla,5,1,2.48,0.93
2024-01-22,Granada,Ath Madrid,0,1,0.62,1.55
2024-01-26,Almeria,Alaves,0,3,2.17,0.93
2024-01-27,Sociedad,Vallecano,0,0,0.93,0.0
2024-01-27,Las Palmas,Real Madrid,1,2,0.62,1.55
2024-01-27,Barcelona,Villarreal,3,5,3.1,1.86
2024-01-27,Mallorca,Betis,0,1,0.31,0.62
2024-01-28,Celta,Girona,0,1,1.55,1.86
2024-01-28,Cadiz,Ath Bilbao,0,0,0.62,0.0
2024-01-28,Sevilla,Osasuna,1,1,1.55,1.24
2024-01-28,Ath Madrid,Valencia,2,0,2.48,0.93
2024-01-29,Getafe,Granada,2,0,1.24,0.93
2024-01-31,Barcelona,Osasuna,1,0,1.24,0.31
2024-01-31,Ath Madrid,Vallecano,2,1,0.93,0.62
2024-02-01,Getafe,Real Madrid,0,2,0.62,2.79
2024-02-02,Ath Bilbao,Mallorca,4,0,1.86,0.62
2024-02-03,Valencia,Almeria,2,1,0.62,1.55
2024-02-03,Granada,Las Palmas,1,1,0.31,1.86
2024-02-03,Alaves,Barcelona,1,3,0.62,1.55
2024-02-03,Girona,Sociedad,0,0,0.93,0.62
2024-02-04,Osasuna,Celta,0,3,0.31,1.55
2024-02-04,Villarreal,Cadiz,0,0,1.24,0.62
2024-02-04,Real Madrid,Ath Madrid,1,1,1.24,1.55
2024-02-04,Betis,Getafe,1,1,0.93,0.62
2024-02-05,Vallecano,Sevilla,1,2,1.55,1.86
2024-02-09,Cadiz,Betis,0,2,1.55,1.55
2024-02-10,Alaves,Villarreal,1,1,1.24,1.24
2024-02-10,Sociedad,Osasuna,0,1,0.93,0.62
2024-02-10,Real Madrid,Girona,4,0,1.86,0.0
2024-02-10,Las Palmas,Valencia,2,0,0.93,0.31
2024-02-11,Getafe,Celta,3,2,1.24,1.24
2024-02-11,Mallorca,Vallecano,2,1,1.55,1.24
2024-02-11,Sevilla,Ath Madrid,1,0,1.86,1.55
2024-02-11,Barcelona,Granada,3,3,1.86,1.55
2024-02-12,Almeria,Ath Bilbao,0,0,1.24,1.24
2024-02-16,Villarreal,Getafe,1,1,2.17,0.62
2024-02-17,Ath Madrid,Las Palmas,5,0,2.17,0.62
2024-02-17,Osasuna,Cadiz,2,0,1.24,0.31
2024-02-17,Celta,Barcelona,1,2,1.24,1.24
2024-02-17,Valencia,Sevilla,0,0,1.24,0.31
2024-02-18,Vallecano,Real Madrid,1,1,0.93,1.24
2024-02-18,Granada,Almeria,1,1,2.17,0.93
2024-02-18,Mallorca,Sociedad,1,2,0.31,1.55
2024-02-18,Betis,Alaves,0,0,0.62,1.24
2024-02-19,Ath Bilbao,Girona,3,2,2.17,1.86
2024-02-23,Sociedad,Villarreal,1,3,2.48,1.24
2024-02-24,Barcelona,Getafe,4,0,2.79,1.24
2024-02-24,Alaves,Mallorca,1,1,0.31,2.48
2024-02-24,Almeria,Ath Madrid,2,2,1.24,2.79
2024-02-25,Cadiz,Celta,2,2,1.86,0.93
2024-02-25,Betis,Ath Bilbao,3,1,1.55,0.31
2024-02-25,Las Palmas,Osasuna,1,1,0.93,0.62
2024-02-25,Real Madrid,Sevilla,1,0,1.86,0.31
2024-02-26,Girona,Vallecano,3,0,2.48,0.31
2024-03-01,Celta,Almeria,1,0,1.86,0.0
2024-03-02,Sevilla,Sociedad,3,2,1.55,1.24
2024-03-02,Vallecano,Cadiz,1,1,1.55,1.55
2024-03-02,Getafe,Las Palmas,3,3,1.55,1.55
2024-03-02,Valencia,Real Madrid,2,2,1.55,1.55
2024-03-03,Villarreal,Granada,5,1,3.1,0.93
2024-03-03,Ath Madrid,Betis,2,1,3.72,1.86
2024-03-03,Mallorca,Girona,1,0,0.62,1.24
2024-03-03,Ath Bilbao,Barcelona,0,0,0.62,0.62
2024-03-04,Osasuna,Alaves,1,0,1.24,1.24
2024-03-08,Barcelona,Mallorca,1,0,1.86,0.93
2024-03-09,Valencia,Getafe,1,0,0.93,1.55
2024-03-09,Cadiz,Ath Madrid,2,0,0.93,1.24
2024-03-09,Granada,Sociedad,2,3,1.86,2.48
2024-03-09,Girona,Osasuna,2,0,1.86,0.31
2024-03-10,Las Palmas,Ath Bilbao,0,2,0.62,0.62
2024-03-10,Alaves,Vallecano,1,0,1.24,0.93
2024-03-10,Betis,Villarreal,2,3,1.24,1.24
2024-03-10,Real Madrid,Celta,4,0,4.03,0.31
2024-03-11,Almeria,Sevilla,2,2,1.24,1.86
2024-03-15,Sociedad,Cadiz,2,0,1.86,0.62
2024-03-16,Mallorca,Granada,1,0,2.48,0.93
2024-03-16,Osasuna,Real Madrid,2,4,1.24,2.79
2024-03-16,Getafe,Girona,1,0,0.93,0.93
2024-03-16,Ath Bilbao,Alaves,2,0,1.24,0.93
2024-03-17,Sevilla,Celta,1,2,1.24,1.55
2024-03-17,Las Palmas,Almeria,0,1,1.86,0.62
2024-03-17,Villarreal,Valencia,1,0,2.17,2.17
2024-03-17,Vallecano,Betis,2,0,1.24,0.31
2024-03-17,Ath Madrid,Barcelona,0,3,0.93,1.55
2024-03-29,Cadiz,Granada,1,0,1.55,0.62
2024-03-30,Getafe,Sevilla,0,1,1.55,0.93
2024-03-30,Almeria,Osasuna,0,3,1.55,1.24
2024-03-30,Valencia,Mallorca,0,0,1.55,0.93
2024-03-30,Barcelona,Las Palmas,1,0,0.62,0.0
2024-03-31,Celta,Vallecano,0,0,0.0,0.62
2024-03-31,Girona,Betis,3,2,1.55,1.24
2024-03-31,Alaves,Sociedad,0,1,0.0,0.93
2024-03-31,Real Madrid,Ath Bilbao,2,0,1.24,0.93
2024-04-01,Villarreal,Ath Madrid,1,2,0.62,2.48
2024-04-04,Granada,Valencia,0,1,0.93,0.62
2024-04-12,Betis,Celta,2,1,0.93,1.55
2024-04-13,Ath Madrid,Girona,3,1,1.24,1.55
2024-04-13,Vallecano,Getafe,0,0,0.62,0.0
2024-04-13,Mallorca,Real Madrid,0,1,0.62,2.79
2024-04-13,Cadiz,Barcelona,0,1,0.93,0.62
2024-04-14,Las Palmas,Sevilla,0,2,0.62,0.93
2024-04-14,Granada,Alaves,2,0,0.93,0.93
2024-04-14,Ath Bilbao,Villarreal,1,1,1.86,0.62
2024-04-14,Sociedad,Almeria,2,2,1.24,0.93
2024-04-15,Osasuna,Valencia,0,1,0.62,0.93
2024-04-19,Ath Bilbao,Granada,1,1,1.86,0.0
2024-04-20,Celta,Las Palmas,4,1,4.03,1.24
2024-04-20,Vallecano,Osasuna,2,1,1.86,0.62
2024-04-20,Valencia,Betis,1,2,1.55,1.86
2024-04-20,Girona,Cadiz,4,1,1.55,1.55
2024-04-21,Getafe,Sociedad,1,1,1.24,0.93
2024-04-21,Almeria,Villarreal,1,2,1.55,0.93
2024-04-21,Alaves,Ath Madrid,2,0,0.93,1.24
2024-04-21,Real Madrid,Barcelona,3,2,2.48,1.86
2024-04-22,Sevilla,Mallorca,2,1,1.24,1.86
2024-04-26,Sociedad,Real Madrid,0,1,0.93,0.93
2024-04-27,Almeria,Getafe,1,3,3.41,1.55
2024-04-27,Las Palmas,Girona,0,2,1.55,0.93
2024-04-27,Ath Madrid,Ath Bilbao,3,1,0.93,0.31
2024-04-27,Alaves,Celta,3,0,2.48,0.0
2024-04-28,Cadiz,Mallorca,1,1,0.62,0.62
2024-04-28,Granada,Osasuna,3,0,1.24,0.62
2024-04-28,Villarreal,Vallecano,3,0,2.17,1.24
2024-04-28,Betis,Sevilla,1,1,1.55,0.31
2024-04-29,Barcelona,Valencia,4,2,4.03,0.93
2024-05-03,Getafe,Ath Bilbao,0,2,2.79,0.62
2024-05-04,Sociedad,Las Palmas,2,0,1.24,0.31
2024-05-04,Real Madrid,Cadiz,3,0,2.79,0.62
2024-05-04,Girona,Barcelona,4,2,2.17,2.17
2024-05-04,Mallorca,Ath Madrid,0,1,1.24,1.24
2024-05-05,Celta,Villarreal,3,2,2.17,0.93
2024-05-05,Sevilla,Granada,3,0,1.55,0.93
2024-05-05,Osasuna,Betis,0,2,0.62,1.24
2024-05-05,Vallecano,Almeria,0,1,3.1,0.62
2024-05-05,Valencia,Alaves,0,1,0.31,1.24
2024-05-10,Alaves,Girona,2,2,2.48,1.55
2024-05-11,Mallorca,Las Palmas,1,0,0.62,0.31
2024-05-11,Villarreal,Sevilla,3,2,2.17,1.24
2024-05-11,Granada,Real Madrid,0,4,0.31,2.17
2024-05-11,Ath Bilbao,Osasuna,2,2,1.86,0.93
2024-05-12,Cadiz,Getafe,1,0,1.86,1.24
2024-05-12,Ath Madrid,Celta,1,0,2.48,0.62
2024-05-12,Valencia,Vallecano,0,0,1.55,0.31
2024-05-12,Betis,Almeria,3,2,2.17,2.17
2024-05-13,Barcelona,Sociedad,2,0,1.55,0.93
2024-05-14,Real Madrid,Alaves,5,0,3.41,3.1
2024-05-14,Girona,Villarreal,0,1,1.55,0.93
2024-05-14,Osasuna,Mallorca,1,1,1.24,1.24
2024-05-15,Vallecano,Granada,2,1,2.79,0.31
2024-05-15,Sevilla,Cadiz,0,1,0.93,2.17
2024-05-15,Getafe,Ath Madrid,0,3,0.93,0.93
2024-05-15,Celta,Ath Bilbao,2,1,1.24,0.62
2024-05-16,Las Palmas,Betis,2,2,2.79,1.24
2024-05-16,Almeria,Barcelona,0,2,0.93,2.17
2024-05-16,Sociedad,Valencia,1,0,1.55,0.93
2024-05-18,Alaves,Getafe,1,0,0.62,1.24
2024-05-19,Ath Madrid,Osasuna,1,4,0.62,1.86
2024-05-19,Ath Bilbao,Sevilla,2,0,1.86,1.24
2024-05-19,Barcelona,Vallecano,3,0,1.86,1.24
2024-05-19,Betis,Sociedad,0,2,2.79,0.62
2024-05-19,Cadiz,Las Palmas,0,0,0.93,0.31
2024-05-19,Mallorca,Almeria,2,2,2.48,0.93
2024-05-19,Granada,Celta,1,2,0.93,1.55
2024-05-19,Valencia,Girona,1,3,1.86,1.55
2024-05-19,Villarreal,Real Madrid,4,4,2.17,1.86
2024-05-24,Girona,Granada,7,0,2.79,0.62
2024-05-25,Osasuna,Villarreal,1,1,1.86,0.93
2024-05-25,Sociedad,Ath Madrid,0,2,1.24,1.24
2024-05-25,Almeria,Cadiz,6,1,3.72,1.24
2024-05-25,Vallecano,Ath Bilbao,0,1,1.24,0.31
2024-05-25,Real Madrid,Betis,0,0,1.55,0.93
2024-05-26,Getafe,Mallorca,1,2,1.86,1.24
2024-05-26,Celta,Valencia,2,2,1.24,0.31
2024-05-26,Las Palmas,Alaves,1,1,1.24,1.24
2024-05-26,Sevilla,Barcelona,1,2,1.86,1.86
2024-08-15,Ath Bilbao,Getafe,1,1,1.24,0.62
2024-08-15,Betis,Girona,1,1,1.24,0.62
2024-08-16,Celta,Alaves,2,1,1.24,0.62
2024-08-16,Las Palmas,Sevilla,2,2,1.55,1.55
2024-08-17,Osasuna,Leganes,1,1,1.55,1.24
2024-08-17,Valencia,Barcelona,1,2,0.31,2.48
2024-08-18,Sociedad,Vallecano,1,2,1.55,1.55
2024-08-18,Mallorca,Real Madrid,1,1,1.55,1.24
2024-08-19,Valladolid,Espanol,1,0,0.93,0.62
2024-08-19,Villarreal,Ath Madrid,2,2,0.93,1.55
2024-08-23,Celta,Valencia,3,1,1.55,1.55
2024-08-23,Sevilla,Villarreal,1,2,2.79,1.55
2024-08-24,Osasuna,Mallorca,1,0,1.55,0.62
2024-08-24,Barcelona,Ath Bilbao,2,1,1.55,0.62
2024-08-24,Espanol,Sociedad,0,1,0.93,1.24
2024-08-24,Getafe,Vallecano,0,0,0.0,0.31
2024-08-25,Alaves,Betis,0,0,0.31,0.93
2024-08-25,Ath Madrid,Girona,3,0,1.86,1.55
2024-08-25,Real Madrid,Valladolid,3,0,2.79,0.62
2024-08-25,Leganes,Las Palmas,2,1,1.55,1.55
2024-08-26,Villarreal,Celta,4,3,2.79,2.48
2024-08-27,Mallorca,Sevilla,0,0,1.24,2.17
2024-08-27,Vallecano,Barcelona,1,2,1.24,1.55
2024-08-28,Ath Bilbao,Valencia,1,0,1.24,0.0
2024-08-28,Valladolid,Leganes,0,0,0.62,0.31
2024-08-28,Ath Madrid,Espanol,0,0,2.17,0.31
2024-08-28,Sociedad,Alaves,1,2,0.31,1.55
2024-08-29,Girona,Osasuna,4,0,1.55,0.0
2024-08-29,Las Palmas,Real Madrid,1,1,0.93,2.48
2024-08-31,Barcelona,Valladolid,7,0,3.1,0.62
2024-08-31,Ath Bilbao,Ath Madrid,0,1,0.31,0.62
2024-08-31,Espanol,Vallecano,2,1,1.55,1.55
2024-08-31,Leganes,Mallorca,0,1,0.62,0.93
2024-08-31,Valencia,Villarreal,1,1,1.86,0.93
2024-09-01,Osasuna,Celta,3,2,1.24,0.93
2024-09-01,Getafe,Sociedad,0,0,0.31,0.0
2024-09-01,Alaves,Las Palmas,2,0,1.55,2.17
2024-09-01,Real Madrid,Betis,2,0,2.48,0.62
2024-09-01,Sevilla,Girona,0,2,1.55,1.24
2024-09-13,Betis,Leganes,2,0,1.55,0.0
2024-09-14,Mallorca,Villarreal,1,2,1.55,1.24
2024-09-14,Espanol,Alaves,3,2,1.24,1.86
2024-09-14,Sevilla,Getafe,1,0,1.24,1.24
2024-09-14,Sociedad,Real Madrid,0,2,0.62,2.17
2024-09-15,Celta,Valladolid,3,1,2.17,0.31
2024-09-15,Girona,Barcelona,1,4,1.24,2.79
2024-09-15,Las Palmas,Ath Bilbao,2,3,1.86,1.24
2024-09-15,Ath Madrid,Valencia,3,0,1.55,0.31
2024-09-16,Vallecano,Osasuna,3,1,1.86,0.62
2024-09-17,Mallorca,Sociedad,1,0,1.24,1.24
2024-09-18,Betis,Getafe,2,1,2.48,1.55
2024-09-19,Leganes,Ath Bilbao,0,2,0.93,1.24
2024-09-20,Alaves,Sevilla,2,1,1.24,0.62
2024-09-21,Valencia,Girona,2,0,0.62,0.93
2024-09-21,Osasuna,Las Palmas,2,1,0.62,1.24
2024-09-21,Real Madrid,Espanol,4,1,4.34,0.62
2024-09-21,Valladolid,Sociedad,0,0,0.62,1.24
2024-09-22,Getafe,Leganes,1,1,0.93,0.93
2024-09-22,Ath Bilbao,Celta,3,1,2.17,1.24
2024-09-22,Villarreal,Barcelona,1,5,1.24,3.1
2024-09-22,Vallecano,Ath Madrid,1,1,0.93,1.55
2024-09-23,Betis,Mallorca,1,2,1.86,1.86
2024-09-24,Valencia,Osasuna,0,0,0.62,0.62
2024-09-24,Real Madrid,Alaves,3,2,1.24,0.93
2024-09-24,Sevilla,Valladolid,2,1,1.55,0.62
2024-09-25,Girona,Vallecano,0,0,0.0,0.0
2024-09-25,Barcelona,Getafe,1,0,1.24,0.31
2024-09-26,Celta,Ath Madrid,0,1,1.24,0.62
2024-09-26,Espanol,Villarreal,1,2,0.62,1.24
2024-09-26,Las Palmas,Betis,1,1,0.62,1.55
2024-09-27,Valladolid,Mallorca,1,2,0.31,1.86
2024-09-28,Vallecano,Leganes,1,1,1.86,0.93
2024-09-28,Getafe,Alaves,2,0,2.48,0.31
2024-09-28,Osasuna,Barcelona,4,2,1.86,1.55
2024-09-28,Sociedad,Valencia,3,0,1.86,1.24
2024-09-29,Celta,Girona,1,1,0.62,1.24
2024-09-29,Ath Bilbao,Sevilla,1,1,0.93,1.24
2024-09-29,Betis,Espanol,1,0,3.72,0.31
2024-09-29,Ath Madrid,Real Madrid,1,1,1.24,1.24
2024-09-30,Villarreal,Las Palmas,3,1,2.17,0.93
2024-10-04,Leganes,Valencia,0,0,0.0,0.31
2024-10-05,Getafe,Osasuna,1,1,0.93,0.62
2024-10-05,Valladolid,Vallecano,1,2,1.55,0.93
2024-10-05,Espanol,Mallorca,2,1,0.93,1.24
2024-10-05,Real Madrid,Villarreal,2,0,0.62,0.31
2024-10-05,Las Palmas,Celta,0,1,1.55,0.31
2024-10-06,Alaves,Barcelona,0,3,0.62,2.48
2024-10-06,Girona,Ath Bilbao,2,1,1.86,1.24
2024-10-06,Sociedad,Ath Madrid,1,1,2.48,0.31
2024-10-06,Sevilla,Betis,1,0,1.55,0.93
2024-10-18,Alaves,Valladolid,2,3,1.24,1.24
2024-10-19,Ath Bilbao,Espanol,4,1,1.86,0.62
2024-10-19,Osasuna,Betis,1,2,1.86,2.17
2024-10-19,Girona,Sociedad,0,1,0.93,1.24
2024-10-19,Celta,Real Madrid,1,2,1.55,0.93
2024-10-20,Mallorca,Vallecano,1,0,1.55,0.62
2024-10-20,Ath Madrid,Leganes,3,1,2.79,0.62
2024-10-20,Villarreal,Getafe,1,1,1.24,1.24
2024-10-20,Barcelona,Sevilla,5,1,2.79,0.31
2024-10-21,Valencia,Las Palmas,2,3,2.17,1.86
2024-10-25,Espanol,Sevilla,0,2,0.31,0.93
2024-10-26,Vallecano,Alaves,1,0,1.24,2.17
2024-10-26,Valladolid,Villarreal,1,2,0.93,2.79
2024-10-26,Real Madrid,Barcelona,0,4,1.24,2.17
2024-10-26,Las Palmas,Girona,1,0,0.93,0.93
2024-10-27,Leganes,Celta,3,0,1.24,1.55
2024-10-27,Getafe,Valencia,1,1,1.24,0.31
2024-10-27,Betis,Ath Madrid,1,0,0.93,0.93
2024-10-27,Sociedad,Osasuna,0,2,2.79,1.24
2024-10-28,Mallorca,Ath Bilbao,0,0,0.31,0.31
2024-11-01,Alaves,Mallorca,1,0,0.93,0.62
2024-11-02,Osasuna,Valladolid,1,0,1.24,1.24
2024-11-02,Girona,Leganes,4,3,1.86,1.55
2024-11-03,Ath Madrid,Las Palmas,2,0,0.93,0.31
2024-11-03,Barcelona,Espanol,3,1,2.79,0.93
2024-11-03,Sevilla,Sociedad,0,2,0.0,0.93
2024-11-03,Ath Bilbao,Betis,1,1,2.48,1.24
2024-11-04,Celta,Getafe,1,0,0.93,0.62
2024-11-08,Vallecano,Las Palmas,1,3,2.17,0.93
2024-11-09,Real Madrid,Osasuna,4,0,2.48,0.0
2024-11-09,Villarreal,Alaves,3,0,0.93,0.93
2024-11-09,Leganes,Sevilla,1,0,1.24,0.62
2024-11-10,Betis,Celta,2,2,1.86,0.62
2024-11-10,Mallorca,Ath Madrid,0,1,1.86,0.62
2024-11-10,Getafe,Girona,0,1,0.0,0.62
2024-11-10,Valladolid,Ath Bilbao,1,1,0.93,0.31
2024-11-10,Sociedad,Barcelona,1,0,1.86,0.0
2024-11-22,Getafe,Valladolid,2,0,1.55,0.93
2024-11-23,Valencia,Betis,4,2,1.55,0.93
2024-11-23,Celta,Barcelona,2,2,2.48,1.24
2024-11-23,Ath Madrid,Alaves,2,1,2.48,0.31
2024-11-23,Las Palmas,Mallorca,2,3,0.93,0.93
2024-11-23,Girona,Espanol,4,1,1.55,0.31
2024-11-24,Osasuna,Villarreal,2,2,0.93,2.17
2024-11-24,Sevilla,Vallecano,1,0,0.93,0.31
2024-11-24,Leganes,Real Madrid,0,3,0.0,2.79
2024-11-24,Ath Bilbao,Sociedad,1,0,1.24,0.31
2024-11-29,Mallorca,Valencia,2,1,0.93,0.31
2024-11-30,Barcelona,Las Palmas,1,2,2.48,0.93
2024-11-30,Alaves,Leganes,1,1,2.17,0.93
2024-11-30,Espanol,Celta,3,1,1.55,0.62
2024-11-30,Valladolid,Ath Madrid,0,5,0.31,2.79
2024-12-01,Vallecano,Ath Bilbao,1,2,1.24,2.17
2024-12-01,Sociedad,Betis,2,0,0.31,0.62
2024-12-01,Villarreal,Girona,2,2,1.24,1.86
2024-12-01,Real Madrid,Getafe,2,0,1.24,0.93
2024-12-02,Sevilla,Osasuna,1,1,1.55,0.93
2024-12-03,Mallorca,Barcelona,1,5,0.31,2.79
2024-12-04,Ath Bilbao,Real Madrid,2,1,0.93,1.55
2024-12-06,Celta,Mallorca,2,0,1.55,1.24
2024-12-07,Las Palmas,Valladolid,2,1,1.55,0.62
2024-12-07,Betis,Barcelona,2,2,1.86,0.93
2024-12-07,Valencia,Vallecano,0,1,1.86,0.31
2024-12-07,Girona,Real Madrid,0,3,1.24,2.17
2024-12-08,Leganes,Sociedad,0,3,0.62,1.55
2024-12-08,Ath Bilbao,Villarreal,2,0,1.24,0.31
2024-12-08,Osasuna,Alaves,2,2,2.48,0.93
2024-12-08,Ath Madrid,Sevilla,4,3,2.79,0.93
2024-12-09,Getafe,Espanol,1,0,1.86,0.31
2024-12-13,Valladolid,Valencia,1,0,0.31,0.62
2024-12-14,Mallorca,Girona,2,1,0.62,0.31
2024-12-14,Espanol,Osasuna,0,0,0.93,0.0
2024-12-14,Vallecano,Real Madrid,3,3,1.55,1.86
2024-12-14,Sevilla,Celta,1,0,0.93,0.62
2024-12-15,Ath Madrid,Getafe,1,0,0.93,0.31
2024-12-15,Alaves,Ath Bilbao,1,1,0.93,0.62
2024-12-15,Sociedad,Las Palmas,0,0,1.24,0.93
2024-12-15,Villarreal,Betis,1,2,1.24,1.24
2024-12-15,Barcelona,Leganes,0,1,1.24,1.24
2024-12-18,Espanol,Valencia,1,1,0.93,1.24
2024-12-18,Villarreal,Vallecano,1,1,1.55,0.93
2024-12-20,Girona,Valladolid,3,0,2.17,0.31
2024-12-21,Osasuna,Ath Bilbao,1,2,0.93,2.48
2024-12-21,Barcelona,Ath Madrid,1,2,2.17,1.24
2024-12-21,Getafe,Mallorca,0,1,1.55,0.62
2024-12-21,Celta,Sociedad,2,0,2.17,0.31
2024-12-22,Valencia,Alaves,2,2,0.93,0.93
2024-12-22,Real Madrid,Sevilla,4,2,2.48,1.55
2024-12-22,Las Palmas,Espanol,1,0,1.24,0.62
2024-12-22,Leganes,Villarreal,2,5,0.93,2.79
2024-12-22,Betis,Vallecano,1,1,1.55,1.24
2025-01-03,Valencia,Real Madrid,1,2,1.55,1.55
2025-01-10,Vallecano,Celta,2,1,1.55,2.17
2025-01-11,Alaves,Girona,0,1,0.62,0.31
2025-01-11,Valladolid,Betis,1,0,0.31,0.93
2025-01-11,Espanol,Leganes,1,1,1.55,1.86
2025-01-11,Sevilla,Valencia,1,1,1.55,0.31
2025-01-12,Las Palmas,Getafe,1,2,2.17,0.93
2025-01-12,Ath Madrid,Osasuna,1,0,1.55,0.31
2025-01-13,Sociedad,Villarreal,1,0,0.93,1.55
2025-01-17,Espanol,Valladolid,2,1,1.24,1.24
2025-01-18,Girona,Sevilla,1,2,1.24,1.86
2025-01-18,Leganes,Ath Madrid,1,0,0.93,1.24
2025-01-18,Betis,Alaves,1,3,0.62,1.55
2025-01-18,Getafe,Barcelona,1,1,1.24,1.55
2025-01-19,Celta,Ath Bilbao,1,2,0.31,1.86
2025-01-19,Real Madrid,Las Palmas,4,1,4.03,0.62
2025-01-19,Osasuna,Vallecano,1,1,0.93,0.93
2025-01-19,Valencia,Sociedad,1,0,0.62,0.93
2025-01-20,Villarreal,Mallorca,4,0,2.17,0.62
2025-01-24,Las Palmas,Osasuna,1,1,2.17,1.24
2025-01-25,Mallorca,Betis,0,1,0.93,0.93
2025-01-25,Ath Madrid,Villarreal,1,1,2.48,0.31
2025-01-25,Sevilla,Espanol,1,1,1.24,0.31
2025-01-25,Valladolid,Real Madrid,0,3,0.62,1.24
2025-01-26,Vallecano,Girona,2,1,2.17,1.55
2025-01-26,Sociedad,Getafe,0,3,1.24,1.24
2025-01-26,Ath Bilbao,Leganes,0,0,0.93,0.62
2025-01-26,Barcelona,Valencia,7,1,3.41,0.62
2025-01-27,Alaves,Celta,1,1,0.31,0.62
2025-01-31,Leganes,Vallecano,0,1,0.31,0.93
2025-02-01,Getafe,Sevilla,0,0,0.31,0.31
2025-02-01,Villarreal,Valladolid,5,1,2.48,0.62
2025-02-01,Ath Madrid,Mallorca,2,0,1.55,0.31
2025-02-01,Espanol,Real Madrid,1,0,0.62,2.17
2025-02-02,Valencia,Celta,2,1,1.55,0.62
2025-02-02,Barcelona,Alaves,1,0,1.24,0.0
2025-02-02,Betis,Ath Bilbao,2,2,1.86,1.24
2025-02-02,Osasuna,Sociedad,2,1,1.24,0.93
2025-02-03,Girona,Las Palmas,2,1,1.24,0.62
2025-02-07,Vallecano,Valladolid,1,0,1.86,0.93
2025-02-08,Celta,Betis,3,2,1.86,1.55
2025-02-08,Ath Bilbao,Girona,3,0,2.48,0.31
2025-02-08,Las Palmas,Villarreal,1,2,1.24,1.24
2025-02-08,Real Madrid,Ath Madrid,1,1,2.79,0.31
2025-02-09,Alaves,Getafe,0,1,1.24,0.93
2025-02-09,Valencia,Leganes,2,0,1.24,1.24
2025-02-09,Sociedad,Espanol,2,1,0.93,0.31
2025-02-09,Sevilla,Barcelona,1,4,1.24,1.86
2025-02-10,Mallorca,Osasuna,1,1,0.62,1.24
2025-02-14,Girona,Getafe,1,2,1.24,1.86
2025-02-15,Leganes,Alaves,3,3,0.93,2.17
2025-02-15,Osasuna,Real Madrid,1,1,1.24,1.86
2025-02-15,Ath Madrid,Celta,1,1,0.93,1.24
2025-02-15,Villarreal,Valencia,1,1,1.24,0.93
2025-02-16,Espanol,Ath Bilbao,1,1,1.24,1.24
2025-02-16,Valladolid,Sevilla,0,4,0.62,1.86
2025-02-16,Mallorca,Las Palmas,3,1,1.55,1.24
2025-02-16,Betis,Sociedad,3,0,2.48,0.31
2025-02-17,Barcelona,Vallecano,1,0,1.55,1.24
2025-02-21,Celta,Osasuna,1,0,1.55,0.31
2025-02-22,Valencia,Ath Madrid,0,3,0.62,0.93
2025-02-22,Las Palmas,Barcelona,0,2,0.62,1.55
2025-02-22,Alaves,Espanol,0,1,1.55,0.62
2025-02-22,Vallecano,Villarreal,0,1,1.55,1.55
2025-02-23,Ath Bilbao,Valladolid,7,1,4.96,0.93
2025-02-23,Real Madrid,Girona,2,0,1.55,0.62
2025-02-23,Getafe,Betis,1,2,1.24,1.86
2025-02-23,Sociedad,Leganes,3,0,1.55,0.62
2025-02-24,Sevilla,Mallorca,1,1,1.24,0.62
2025-02-28,Valladolid,Las Palmas,1,1,2.17,0.93
2025-03-01,Girona,Celta,2,2,1.86,1.86
2025-03-01,Vallecano,Sevilla,1,1,2.48,1.55
2025-03-01,Betis,Real Madrid,2,1,0.93,0.62
2025-03-01,Ath Madrid,Ath Bilbao,1,0,1.24,0.93
2025-03-02,Leganes,Getafe,1,0,0.31,0.0
2025-03-02,Barcelona,Sociedad,4,0,3.1,0.0
2025-03-02,Mallorca,Alaves,1,1,1.24,2.17
2025-03-02,Osasuna,Valencia,3,3,1.55,1.55
2025-03-08,Celta,Leganes,2,1,1.24,1.86
2025-03-08,Alaves,Villarreal,1,0,0.93,0.62
2025-03-08,Valencia,Valladolid,2,1,1.24,1.24
2025-03-09,Getafe,Ath Madrid,2,1,0.93,0.62
2025-03-09,Real Madrid,Vallecano,2,1,1.55,1.86
2025-03-09,Ath Bilbao,Mallorca,1,1,0.62,0.62
2025-03-09,Betis,Las Palmas,1,0,1.86,0.31
2025-03-09,Sociedad,Sevilla,0,1,0.62,1.24
2025-03-10,Espanol,Girona,1,1,1.24,1.24
2025-03-14,Las Palmas,Alaves,2,2,2.17,0.93
2025-03-15,Valladolid,Celta,0,1,0.62,0.31
2025-03-15,Mallorca,Espanol,2,1,2.17,0.0
2025-03-15,Villarreal,Real Madrid,1,2,3.1,1.55
2025-03-15,Girona,Valencia,1,1,1.24,0.62
2025-03-16,Sevilla,Ath Bilbao,0,1,1.24,1.24
2025-03-16,Vallecano,Sociedad,2,2,1.55,1.24
2025-03-16,Leganes,Betis,2,3,1.24,1.86
2025-03-16,Ath Madrid,Barcelona,2,4,0.62,1.86
2025-03-16,Osasuna,Getafe,1,2,1.24,1.24
2025-03-27,Barcelona,Osasuna,3,0,1.55,0.0
2025-03-29,Sociedad,Valladolid,2,1,0.62,1.55
2025-03-29,Espanol,Ath Madrid,1,1,0.31,0.62
2025-03-29,Alaves,Vallecano,0,2,1.24,1.55
2025-03-29,Real Madrid,Leganes,3,2,3.1,1.24
2025-03-30,Ath Bilbao,Osasuna,0,0,1.55,0.62
2025-03-30,Barcelona,Girona,4,1,2.79,0.62
2025-03-30,Betis,Sevilla,2,1,0.93,0.62
2025-03-30,Valencia,Mallorca,1,0,0.62,0.62
2025-03-30,Getafe,Villarreal,1,2,1.24,0.93
2025-03-31,Celta,Las Palmas,1,1,2.17,0.62
2025-04-04,Vallecano,Espanol,0,4,1.55,2.17
2025-04-05,Girona,Alaves,0,1,1.86,0.93
2025-04-05,Real Madrid,Valencia,1,2,2.79,0.62
2025-04-05,Mallorca,Celta,1,2,0.62,1.24
2025-04-05,Barcelona,Betis,1,1,1.55,0.62
2025-04-06,Las Palmas,Sociedad,1,3,1.55,2.48
2025-04-06,Sevilla,Ath Madrid,1,2,1.86,1.55
2025-04-06,Valladolid,Getafe,0,4,0.0,2.79
2025-04-06,Villarreal,Ath Bilbao,0,0,1.24,0.62
2025-04-07,Leganes,Osasuna,1,1,2.17,1.86
2025-04-11,Valencia,Sevilla,1,0,1.86,1.55
2025-04-12,Getafe,Las Palmas,1,3,1.86,1.55
2025-04-12,Sociedad,Mallorca,0,2,1.24,0.93
2025-04-12,Leganes,Barcelona,0,1,0.31,0.93
2025-04-12,Celta,Espanol,0,2,1.86,0.93
2025-04-13,Osasuna,Girona,2,1,1.86,2.48
2025-04-13,Alaves,Real Madrid,0,1,1.86,1.24
2025-04-13,Betis,Villarreal,1,2,1.55,0.62
2025-04-13,Ath Bilbao,Vallecano,3,1,1.24,0.93
2025-04-14,Ath Madrid,Valladolid,4,2,2.79,0.93
2025-04-18,Espanol,Getafe,1,0,0.93,1.24
2025-04-19,Vallecano,Valencia,1,1,1.24,0.93
2025-04-19,Barcelona,Celta,4,3,1.86,2.48
2025-04-19,Mallorca,Leganes,0,0,0.31,0.31
2025-04-19,Las Palmas,Ath Madrid,1,0,0.62,0.62
2025-04-20,Villarreal,Sociedad,2,2,1.55,1.24
2025-04-20,Valladolid,Osasuna,2,3,1.55,1.86
2025-04-20,Real Madrid,Ath Bilbao,1,0,2.17,0.31
2025-04-20,Sevilla,Alaves,1,1,0.62,0.93
2025-04-21,Girona,Betis,1,3,1.55,2.79
2025-04-22,Valencia,Espanol,1,1,2.17,0.93
2025-04-22,Barcelona,Mallorca,1,0,4.03,0.0
2025-04-23,Ath Bilbao,Las Palmas,1,0,1.24,0.62
2025-04-23,Celta,Villarreal,3,0,2.79,0.31
2025-04-23,Alaves,Sociedad,1,0,0.31,0.0
2025-04-23,Getafe,Real Madrid,0,1,1.86,2.17
2025-04-24,Leganes,Girona,1,1,0.31,0.93
2025-04-24,Osasuna,Sevilla,1,0,0.62,0.93
2025-04-24,Ath Madrid,Vallecano,3,0,1.55,1.55
2025-04-24,Betis,Valladolid,5,1,1.86,1.55
2025-04-27,Villarreal,Espanol,1,0,1.55,0.31
2025-05-02,Vallecano,Getafe,1,0,2.48,0.31
2025-05-03,Alaves,Ath Madrid,0,0,0.62,0.62
2025-05-03,Villarreal,Osasuna,4,2,1.55,1.24
2025-05-03,Las Palmas,Valencia,2,3,0.93,1.55
2025-05-03,Valladolid,Barcelona,1,2,1.24,2.17
2025-05-04,Real Madrid,Celta,3,2,1.86,2.17
2025-05-04,Sevilla,Leganes,2,2,2.17,0.93
2025-05-04,Espanol,Betis,1,2,1.55,3.1
2025-05-04,Sociedad,Ath Bilbao,0,0,0.93,0.31
2025-05-05,Girona,Mallorca,1,0,1.86,0.31
2025-05-09,Las Palmas,Vallecano,0,1,0.62,1.55
2025-05-10,Valencia,Getafe,3,0,1.86,0.93
2025-05-10,Celta,Sevilla,3,2,1.24,3.1
2025-05-10,Girona,Villarreal,0,1,0.0,1.55
2025-05-10,Mallorca,Valladolid,2,1,1.24,2.17
2025-05-10,Ath Madrid,Sociedad,4,0,2.17,0.31
2025-05-11,Leganes,Espanol,3,2,1.55,1.86
2025-05-11,Barcelona,Real Madrid,4,3,2.79,1.55
2025-05-11,Ath Bilbao,Alaves,1,0,0.93,0.31
2025-05-11,Betis,Osasuna,1,1,1.55,1.55
2025-05-13,Valladolid,Girona,0,1,1.24,1.55
2025-05-13,Sociedad,Celta,0,1,1.55,0.62
2025-05-13,Sevilla,Las Palmas,1,0,0.93,0.93
2025-05-14,Alaves,Valencia,1,0,1.55,0.93
2025-05-14,Villarreal,Leganes,3,0,2.17,1.86
2025-05-14,Real Madrid,Mallorca,2,1,4.03,0.62
2025-05-15,Vallecano,Betis,2,2,1.86,0.93
2025-05-15,Osasuna,Ath Madrid,2,0,0.93,1.55
2025-05-15,Espanol,Barcelona,0,2,0.31,1.24
2025-05-15,Getafe,Ath Bilbao,0,2,0.31,0.62
2025-05-18,Mallorca,Getafe,1,2,0.31,1.24
2025-05-18,Ath Madrid,Betis,4,1,3.41,2.17
2025-05-18,Barcelona,Villarreal,2,3,2.79,0.93
2025-05-18,Celta,Vallecano,1,2,2.17,0.62
2025-05-18,Las Palmas,Leganes,0,1,0.93,1.24
2025-05-18,Sevilla,Real Madrid,0,2,0.31,1.86
2025-05-18,Sociedad,Girona,3,2,2.79,1.55
2025-05-18,Valencia,Ath Bilbao,0,1,0.62,1.24
2025-05-18,Valladolid,Alaves,0,1,0.31,1.24
2025-05-18,Osasuna,Espanol,2,0,0.93,1.86
2025-05-23,Betis,Valencia,1,1,1.24,0.62
2025-05-24,Getafe,Celta,1,2,0.31,2.48
2025-05-24,Vallecano,Mallorca,0,0,2.48,0.62
2025-05-24,Real Madrid,Sociedad,2,0,2.48,0.31
2025-05-24,Espanol,Las Palmas,2,0,0.93,1.24
2025-05-24,Leganes,Valladolid,3,0,1.86,0.62
2025-05-24,Alaves,Osasuna,1,1,1.55,1.55
2025-05-25,Girona,Ath Madrid,0,4,0.31,3.41
2025-05-25,Villarreal,Sevilla,4,2,2.17,1.86
2025-05-25,Ath Bilbao,Barcelona,0,3,0.31,1.24
2025-08-15,Girona,Vallecano,1,3,0.62,1.55
2025-08-15,Villarreal,Oviedo,2,0,3.1,1.24
2025-08-16,Mallorca,Barcelona,0,3,0.31,2.48
2025-08-16,Alaves,Levante,2,1,1.24,0.93
2025-08-16,Valencia,Sociedad,1,1,0.62,0.93
2025-08-17,Celta,Getafe,0,2,0.93,0.93
2025-08-17,Ath Bilbao,Sevilla,3,2,0.93,1.86
2025-08-17,Espanol,Ath Madrid,2,1,1.55,1.24
2025-08-18,Elche,Betis,1,1,0.62,1.24
2025-08-19,Real Madrid,Osasuna,1,0,1.55,0.0
2025-08-22,Betis,Alaves,1,0,1.55,1.55
2025-08-23,Levante,Barcelona,2,3,1.55,3.1
2025-08-23,Mallorca,Celta,1,1,1.24,0.62
2025-08-23,Ath Madrid,Elche,1,1,1.86,0.62
2025-08-24,Osasuna,Valencia,1,0,1.24,0.31
2025-08-24,Sociedad,Espanol,2,2,2.17,0.93
2025-08-24,Villarreal,Girona,5,0,2.17,0.62
2025-08-24,Oviedo,Real Madrid,0,3,0.93,3.1
2025-08-25,Ath Bilbao,Vallecano,1,0,1.24,0.31
2025-08-25,Sevilla,Getafe,1,2,0.93,1.86
2025-08-27,Celta,Betis,1,1,1.55,0.62
2025-08-29,Elche,Levante,2,0,1.55,0.31
2025-08-29,Valencia,Getafe,3,0,1.24,0.31
2025-08-30,Girona,Sevilla,0,2,1.55,1.24
2025-08-30,Real Madrid,Mallorca,2,1,2.17,1.55
2025-08-30,Alaves,Ath Madrid,1,1,0.62,1.86
2025-08-30,Oviedo,Sociedad,1,0,0.31,1.86
2025-08-31,Betis,Ath Bilbao,1,2,0.62,1.86
2025-08-31,Celta,Villarreal,1,1,0.62,0.93
2025-08-31,Vallecano,Barcelona,1,1,1.86,0.93
2025-08-31,Espanol,Osasuna,1,0,1.24,0.93
2025-09-12,Sevilla,Elche,2,2,0.93,0.62
2025-09-13,Getafe,Oviedo,2,0,0.93,0.31
2025-09-13,Sociedad,Real Madrid,1,2,1.24,1.86
2025-09-13,Ath Bilbao,Alaves,0,1,0.93,0.62
2025-09-13,Ath Madrid,Villarreal,2,0,0.93,0.31
2025-09-14,Celta,Girona,1,1,2.17,2.48
2025-09-14,Levante,Betis,2,2,0.62,2.79
2025-09-14,Osasuna,Vallecano,2,0,2.17,1.86
2025-09-14,Barcelona,Valencia,6,0,3.1,0.31
2025-09-15,Espanol,Mallorca,3,2,0.93,3.1
2025-09-19,Betis,Sociedad,3,1,1.86,1.55
2025-09-20,Villarreal,Osasuna,2,1,2.48,0.93
2025-09-20,Girona,Levante,0,4,0.31,2.17
2025-09-20,Real Madrid,Espanol,2,0,1.55,0.31
2025-09-20,Valencia,Ath Bilbao,2,0,1.55,1.55
2025-09-20,Alaves,Sevilla,1,2,1.55,0.93
2025-09-21,Vallecano,Celta,1,1,1.55,1.55
2025-09-21,Mallorca,Ath Madrid,1,1,0.93,2.17
2025-09-21,Elche,Oviedo,1,0,1.55,1.24
2025-09-21,Barcelona,Getafe,3,0,2.17,0.62
2025-09-23,Ath Bilbao,Girona,1,1,1.55,0.93
2025-09-23,Espanol,Valencia,2,2,3.1,0.62
2025-09-23,Levante,Real Madrid,1,4,0.62,3.1
2025-09-23,Sevilla,Villarreal,1,2,0.62,1.55
2025-09-24,Getafe,Alaves,1,1,0.31,1.24
2025-09-24,Ath Madrid,Vallecano,3,2,2.48,0.93
2025-09-24,Sociedad,Mallorca,1,0,1.24,0.93
2025-09-25,Osasuna,Elche,1,1,0.62,1.24
2025-09-25,Oviedo,Barcelona,1,3,0.93,3.1
2025-09-26,Girona,Espanol,0,0,0.93,1.55
2025-09-27,Ath Madrid,Real Madrid,5,2,2.17,0.62
2025-09-27,Getafe,Levante,1,1,1.24,0.93
2025-09-27,Villarreal,Ath Bilbao,1,0,1.55,1.24
2025-09-27,Mallorca,Alaves,1,0,0.93,0.93
2025-09-28,Vallecano,Sevilla,0,1,1.86,0.31
2025-09-28,Elche,Celta,2,1,2.48,0.62
2025-09-28,Barcelona,Sociedad,2,1,3.72,0.62
2025-09-28,Betis,Osasuna,2,0,1.86,0.31
2025-09-30,Valencia,Oviedo,1,2,1.55,1.24
2025-10-03,Osasuna,Getafe,2,1,0.93,0.62
2025-10-04,Oviedo,Levante,0,2,0.62,1.55
2025-10-04,Girona,Valencia,2,1,1.24,1.86
2025-10-04,Ath Bilbao,Mallorca,2,1,1.55,0.62
2025-10-04,Real Madrid,Villarreal,3,1,2.17,0.62
2025-10-05,Alaves,Elche,3,1,1.55,0.93
2025-10-05,Sevilla,Barcelona,4,1,1.55,2.48
2025-10-05,Espanol,Betis,1,2,1.55,0.93
2025-10-05,Sociedad,Vallecano,0,1,0.93,0.62
2025-10-05,Celta,Ath Madrid,1,1,1.24,0.31
2025-10-17,Oviedo,Espanol,0,2,1.24,3.1
2025-10-18,Sevilla,Mallorca,1,3,1.24,1.86
2025-10-18,Barcelona,Girona,2,1,2.79,1.24
2025-10-18,Villarreal,Betis,2,2,0.93,0.93
2025-10-18,Ath Madrid,Osasuna,1,0,2.79,0.62
2025-10-19,Elche,Ath Bilbao,0,0,1.55,0.31
2025-10-19,Celta,Sociedad,1,1,0.31,2.17
2025-10-19,Levante,Vallecano,0,3,1.24,1.55
2025-10-19,Getafe,Real Madrid,0,1,0.31,3.1
2025-10-20,Alaves,Valencia,0,0,0.93,0.62
2025-10-24,Sociedad,Sevilla,2,1,0.93,0.31
2025-10-25,Girona,Oviedo,3,3,1.86,1.55
2025-10-25,Espanol,Elche,1,0,2.17,1.24
2025-10-25,Ath Bilbao,Getafe,0,1,1.24,0.93
2025-10-25,Valencia,Villarreal,0,2,0.93,1.55
2025-10-26,Real Madrid,Barcelona,2,1,3.1,1.86
2025-10-26,Mallorca,Levante,1,1,1.24,1.55
2025-10-26,Vallecano,Alaves,1,0,1.55,0.62
2025-10-26,Osasuna,Celta,2,3,2.17,1.55
2025-10-27,Betis,Ath Madrid,0,2,1.55,1.24
2025-10-31,Getafe,Girona,2,1,1.24,1.24
2025-11-01,Villarreal,Vallecano,4,0,2.17,0.93
2025-11-01,Ath Madrid,Sevilla,3,0,1.86,0.62
2025-11-01,Sociedad,Ath Bilbao,3,2,1.55,1.24
2025-11-01,Real Madrid,Valencia,4,0,3.41,0.31
2025-11-02,Levante,Celta,1,2,0.93,1.86
2025-11-02,Alaves,Espanol,2,1,1.24,0.62
2025-11-02,Barcelona,Elche,3,1,1.55,0.93
2025-11-02,Betis,Mallorca,3,0,2.48,0.31
2025-11-03,Oviedo,Osasuna,0,0,0.62,1.55
2025-11-07,Elche,Sociedad,1,1,0.93,1.55
2025-11-08,Espanol,Villarreal,0,2,0.93,0.93
2025-11-08,Ath Madrid,Levante,3,1,3.1,0.93
2025-11-08,Sevilla,Osasuna,1,0,1.24,0.93
2025-11-08,Girona,Alaves,1,0,0.62,1.55
2025-11-09,Ath Bilbao,Oviedo,1,0,2.17,0.62
2025-11-09,Vallecano,Real Madrid,0,0,0.62,1.55
2025-11-09,Mallorca,Getafe,1,0,1.24,0.93
2025-11-09,Valencia,Betis,1,1,1.24,0.62
2025-11-09,Celta,Barcelona,2,4,0.93,2.79
2025-11-21,Valencia,Levante,1,0,0.93,0.31
2025-11-22,Barcelona,Ath Bilbao,4,0,2.17,0.62
2025-11-22,Osasuna,Sociedad,1,3,1.24,2.79
2025-11-22,Alaves,Celta,0,1,0.62,1.24
2025-11-22,Villarreal,Mallorca,2,1,2.17,0.93
2025-11-23,Betis,Girona,1,1,2.17,1.24
2025-11-23,Oviedo,Vallecano,0,0,0.93,0.93
2025-11-23,Elche,Real Madrid,2,2,1.86,2.17
2025-11-23,Getafe,Ath Madrid,0,1,0.31,1.86
2025-11-24,Espanol,Sevilla,2,1,1.55,1.86
2025-11-28,Getafe,Elche,1,0,1.86,1.24
2025-11-29,Mallorca,Osasuna,2,2,1.24,0.62
2025-11-29,Barcelona,Alaves,3,1,1.86,0.62
2025-11-29,Levante,Ath Bilbao,0,2,1.24,1.24
2025-11-29,Ath Madrid,Oviedo,2,0,2.48,0.31
2025-11-30,Sociedad,Villarreal,2,3,2.17,1.55
2025-11-30,Sevilla,Betis,0,2,0.93,1.24
2025-11-30,Celta,Espanol,0,1,1.24,0.62
2025-11-30,Girona,Real Madrid,1,1,1.24,1.24
2025-12-01,Vallecano,Valencia,1,1,2.17,0.62
2025-12-02,Barcelona,Ath Madrid,3,1,1.86,0.62
2025-12-03,Ath Bilbao,Real Madrid,0,3,1.24,2.48
2025-12-05,Oviedo,Mallorca,0,0,0.93,1.86
2025-12-06,Villarreal,Getafe,2,0,1.55,0.0
2025-12-06,Alaves,Sociedad,1,0,0.93,0.31
2025-12-06,Betis,Barcelona,3,5,1.55,2.48
2025-12-06,Ath Bilbao,Ath Madrid,1,0,0.93,0.93
2025-12-07,Elche,Girona,3,0,1.86,1.24
2025-12-07,Valencia,Sevilla,1,1,0.93,0.31
2025-12-07,Espanol,Vallecano,1,0,0.62,0.62
2025-12-07,Real Madrid,Celta,0,2,2.17,1.55
2025-12-08,Osasuna,Levante,2,0,1.86,1.55
2025-12-12,Sociedad,Girona,1,2,1.24,0.93
2025-12-13,Ath Madrid,Valencia,2,1,1.86,0.62
2025-12-13,Mallorca,Elche,3,1,2.48,0.0
2025-12-13,Barcelona,Osasuna,2,0,2.17,0.62
2025-12-13,Getafe,Espanol,0,1,0.31,1.24
2025-12-14,Celta,Ath Bilbao,2,0,0.62,0.62
2025-12-14,Alaves,Real Madrid,1,2,0.62,1.86
2025-12-14,Sevilla,Oviedo,4,0,2.17,0.31
2025-12-15,Vallecano,Betis,0,0,2.17,1.86
2025-12-19,Valencia,Mallorca,1,1,0.62,0.62
2025-12-20,Oviedo,Celta,0,0,0.93,0.62
2025-12-20,Levante,Sociedad,1,1,0.93,1.86
2025-12-20,Osasuna,Alaves,3,0,2.17,0.93
2025-12-20,Real Madrid,Sevilla,2,0,2.48,1.55
2025-12-21,Girona,Ath Madrid,0,3,0.62,1.86
2025-12-21,Villarreal,Barcelona,0,2,1.55,1.55
2025-12-21,Elche,Vallecano,4,0,1.86,2.48
2025-12-21,Betis,Getafe,4,0,2.48,0.93
2025-12-22,Ath Bilbao,Espanol,1,2,2.17,1.55
2026-01-02,Vallecano,Getafe,1,1,1.24,1.24
2026-01-03,Osasuna,Ath Bilbao,1,1,1.24,1.86
2026-01-03,Celta,Valencia,4,1,1.86,1.55
2026-01-03,Espanol,Barcelona,0,2,2.17,1.86
2026-01-03,Elche,Villarreal,1,3,0.62,1.24
2026-01-04,Sevilla,Levante,0,3,2.17,1.24
2026-01-04,Real Madrid,Betis,5,1,2.79,1.55
2026-01-04,Alaves,Oviedo,1,1,2.17,1.86
2026-01-04,Mallorca,Girona,1,2,0.62,1.24
2026-01-04,Sociedad,Ath Madrid,1,1,2.48,0.62
2026-01-09,Getafe,Sociedad,1,2,0.93,1.55
2026-01-10,Girona,Osasuna,1,0,1.24,0.31
2026-01-10,Oviedo,Betis,1,1,0.93,1.86
2026-01-10,Villarreal,Alaves,3,1,1.24,1.55
2026-01-10,Valencia,Elche,1,1,1.24,0.31
2026-01-11,Vallecano,Mallorca,2,1,1.55,0.62
2026-01-11,Levante,Espanol,1,1,0.62,0.93
2026-01-12,Sevilla,Celta,0,1,0.62,2.17
2026-01-16,Espanol,Girona,0,2,0.62,1.24
2026-01-17,Mallorca,Ath Bilbao,3,2,2.79,3.41
2026-01-17,Real Madrid,Levante,2,0,3.41,0.0
2026-01-17,Betis,Villarreal,2,0,1.86,0.93
2026-01-17,Osasuna,Oviedo,3,2,1.55,1.55
2026-01-18,Getafe,Valencia,0,1,0.93,0.31
2026-01-18,Ath Madrid,Alaves,1,0,1.86,0.0
2026-01-18,Celta,Vallecano,3,0,2.17,0.93
2026-01-18,Sociedad,Barcelona,2,1,1.86,2.79
2026-01-19,Elche,Sevilla,2,2,1.55,2.48
2026-01-23,Levante,Elche,3,2,1.86,0.93
2026-01-24,Vallecano,Osasuna,1,3,1.24,1.55
2026-01-24,Valencia,Espanol,3,2,1.55,1.86
2026-01-24,Sevilla,Ath Bilbao,2,1,2.17,0.93
2026-01-24,Villarreal,Real Madrid,0,2,0.31,1.24
2026-01-25,Barcelona,Oviedo,3,0,2.17,0.93
2026-01-25,Sociedad,Celta,3,1,1.24,1.24
2026-01-25,Ath Madrid,Mallorca,3,0,2.48,0.31
2026-01-25,Alaves,Betis,2,1,2.79,1.24
2026-01-26,Girona,Getafe,1,1,1.24,0.62
2026-01-30,Espanol,Alaves,1,2,0.93,2.17
2026-01-31,Oviedo,Girona,1,0,1.24,0.31
2026-01-31,Osasuna,Villarreal,2,2,1.55,1.24
2026-01-31,Levante,Ath Madrid,0,0,0.62,1.24
2026-01-31,Elche,Barcelona,1,3,0.93,2.48
2026-02-01,Real Madrid,Vallecano,2,1,1.86,1.24
2026-02-01,Betis,Valencia,2,1,0.62,1.24
2026-02-01,Getafe,Celta,0,0,0.62,0.31
2026-02-01,Ath Bilbao,Sociedad,1,1,1.24,1.86
2026-02-02,Mallorca,Sevilla,4,1,2.17,1.55
2026-02-06,Celta,Osasuna,1,2,1.24,0.62
2026-02-07,Barcelona,Mallorca,3,0,2.17,1.24
2026-02-07,Sociedad,Elche,3,1,0.93,1.55
2026-02-08,Sevilla,Girona,1,1,0.93,1.86
2026-02-08,Ath Bilbao,Levante,4,2,2.17,0.93
2026-02-08,Valencia,Real Madrid,0,2,0.0,1.86
2026-02-08,Ath Madrid,Betis,0,1,1.55,1.24
2026-02-08,Alaves,Getafe,0,2,1.55,1.55
2026-02-09,Villarreal,Espanol,4,1,0.93,0.62
2026-02-13,Elche,Osasuna,0,0,1.55,0.62
2026-02-14,Espanol,Celta,2,2,0.93,1.55
2026-02-14,Getafe,Villarreal,2,1,0.62,0.62
2026-02-14,Sevilla,Alaves,1,1,0.62,0.31
2026-02-14,Real Madrid,Sociedad,4,1,1.55,0.93
2026-02-15,Oviedo,Ath Bilbao,1,2,0.31,1.24
2026-02-15,Vallecano,Ath Madrid,3,0,2.79,0.93
2026-02-15,Levante,Valencia,0,2,0.31,0.62
2026-02-15,Mallorca,Betis,1,2,0.93,2.48
2026-02-16,Girona,Barcelona,2,1,2.79,1.24
2026-02-18,Levante,Villarreal,0,1,1.24,1.86
2026-02-20,Ath Bilbao,Elche,2,1,2.48,0.62
2026-02-21,Sociedad,Oviedo,3,3,2.48,1.86
2026-02-21,Betis,Vallecano,1,1,0.93,0.93
2026-02-21,Osasuna,Real Madrid,2,1,0.62,1.55
2026-02-21,Ath Madrid,Espanol,4,2,2.79,0.62
2026-02-22,Getafe,Sevilla,0,1,0.93,0.31
2026-02-22,Barcelona,Levante,3,0,2.79,0.62
2026-02-22,Celta,Mallorca,2,0,2.17,0.0
2026-02-22,Villarreal,Valencia,2,1,1.55,0.93
2026-02-23,Alaves,Girona,2,2,1.86,1.55
2026-02-27,Levante,Alaves,2,0,1.55,2.17
2026-02-28,Vallecano,Ath Bilbao,1,1,2.17,0.62
2026-02-28,Barcelona,Villarreal,4,1,2.48,0.31
2026-02-28,Mallorca,Sociedad,0,1,0.31,0.62
2026-02-28,Oviedo,Ath Madrid,0,1,1.86,0.31
2026-03-01,Elche,Espanol,2,2,2.79,1.24
2026-03-01,Valencia,Osasuna,1,0,0.31,0.0
2026-03-01,Betis,Sevilla,2,2,0.62,1.86
2026-03-01,Girona,Celta,1,2,2.17,1.55
2026-03-02,Real Madrid,Getafe,0,1,2.17,0.93
2026-03-04,Vallecano,Oviedo,3,0,2.17,0.62
2026-03-06,Celta,Real Madrid,1,2,1.24,0.93
2026-03-07,Osasuna,Mallorca,2,2,1.55,1.24
2026-03-07,Levante,Girona,1,1,1.24,1.55
2026-03-07,Ath Madrid,Sociedad,3,2,2.79,0.93
2026-03-07,Ath Bilbao,Barcelona,0,1,0.93,0.62
2026-03-08,Getafe,Betis,2,0,1.55,1.55
2026-03-08,Villarreal,Elche,2,1,2.17,1.86
2026-03-08,Valencia,Alaves,3,2,2.48,1.24
2026-03-08,Sevilla,Vallecano,1,1,0.62,0.62
2026-03-09,Espanol,Oviedo,1,1,2.79,0.93
2026-03-13,Alaves,Villarreal,1,1,0.0,1.24
2026-03-14,Girona,Ath Bilbao,3,0,1.86,2.79
2026-03-14,Ath Madrid,Getafe,1,0,1.55,0.93
2026-03-14,Oviedo,Valencia,1,0,1.86,0.62
2026-03-14,Real Madrid,Elche,4,1,1.86,0.31
2026-03-15,Mallorca,Espanol,2,1,3.72,0.62
2026-03-15,Barcelona,Sevilla,5,2,2.48,1.24
2026-03-15,Betis,Celta,1,1,1.86,0.93
2026-03-15,Sociedad,Osasuna,3,1,1.86,1.55
2026-03-16,Vallecano,Levante,1,1,1.24,1.55
2026-03-20,Villarreal,Sociedad,3,1,3.1,1.24
2026-03-21,Levante,Oviedo,4,2,2.48,0.62
2026-03-21,Espanol,Getafe,1,2,1.55,1.55
2026-03-21,Sevilla,Valencia,0,2,0.62,1.24
2026-03-21,Osasuna,Girona,1,0,3.41,0.0
2026-03-21,Elche,Mallorca,2,1,1.24,1.24
2026-03-22,Barcelona,Vallecano,1,0,1.24,1.24
2026-03-22,Celta,Alaves,3,4,1.55,1.86
2026-03-22,Ath Bilbao,Betis,2,1,1.86,0.93
2026-03-22,Real Madrid,Ath Madrid,3,2,3.1,2.17
2026-04-03,Vallecano,Elche,1,0,1.55,1.24
2026-04-04,Sociedad,Levante,2,0,1.55,1.24
2026-04-04,Mallorca,Real Madrid,2,1,0.62,1.86
2026-04-04,Betis,Espanol,0,0,1.86,0.31
2026-04-04,Ath Madrid,Barcelona,1,2,0.62,2.48
2026-04-05,Valencia,Celta,2,3,1.24,1.55
2026-04-05,Getafe,Ath Bilbao,2,0,1.86,0.0
2026-04-05,Alaves,Osasuna,2,2,1.86,1.55
2026-04-05,Oviedo,Sevilla,1,0,1.24,0.0
2026-04-06,Girona,Villarreal,1,0,0.62,0.0
2026-04-10,Real Madrid,Girona,1,1,2.79,0.62
2026-04-11,Sociedad,Alaves,3,3,1.24,0.62
2026-04-11,Elche,Valencia,1,0,0.62,2.48
2026-04-11,Barcelona,Espanol,4,1,3.1,0.62
2026-04-11,Sevilla,Ath Madrid,2,1,0.62,0.62
2026-04-12,Osasuna,Betis,1,1,1.24,0.93
2026-04-12,Mallorca,Vallecano,3,0,1.24,0.93
2026-04-12,Celta,Oviedo,0,3,1.86,1.55
2026-04-12,Ath Bilbao,Villarreal,1,2,1.86,1.86
2026-04-13,Levante,Getafe,1,0,1.24,0.31
2026-04-21,Girona,Betis,2,3,0.62,0.93
2026-04-21,Ath Bilbao,Osasuna,1,0,0.62,0.93
2026-04-21,Mallorca,Valencia,1,1,2.48,0.93
2026-04-21,Real Madrid,Alaves,2,1,2.48,1.55
2026-04-22,Elche,Ath Madrid,3,2,1.86,0.93
2026-04-22,Sociedad,Getafe,0,1,1.24,0.0
2026-04-22,Barcelona,Celta,1,0,0.93,0.93
2026-04-23,Levante,Sevilla,2,0,0.93,0.0
2026-04-23,Vallecano,Espanol,1,0,1.86,1.24
2026-04-23,Oviedo,Villarreal,1,1,1.24,0.93
